ID,Product,Category,Subcategory,Price,Date
26563,Empanada Carne Elaboración Propia X Unidad,menú_caliente,,849,2024-04-15
345693,Empanada Jamón Y Mozzarella Elaboración Propia X Unidad,menú_caliente,,849,2024-04-15
20918,Milanesa De Pollo Rotisería,menú_caliente,,1594,2024-04-15
15756,Pollo Rostisado,menú_caliente,,14293,2024-04-15
310832,Empanada Pollo Congelada Elaboración Propia X Unidad,menú_caliente,,565,2024-04-15
345825,Empanada De Pollo Dc.,menú_caliente,,849,2024-04-15
49242,Medallón De Pollo Rebozado Por Kg,menú_caliente,,5249,2024-04-15
17389,Empanada De Verdura Y Queso,menú_caliente,,849,2024-04-15
17873,Empanada Pollo Elaboración Propia X Unidad,menú_caliente,,849,2024-04-15
310831,Empanada Carne Congelada Elaboración Propia X Unidad,menú_caliente,,1412,2024-04-15
49733,Combo 3 Pollo + Matambre + Rusa + Sandwich Miga + Pan + Gaseosas,menú_caliente,,40949,2024-04-15
310833,Empanada Jamón Y Queso Congelada Elaboración Propia X Unidad,menú_caliente,,1190,2024-04-15
345695,Empanada Humita Elaboración Propia X Unidad,menú_caliente,,857,2024-04-15
48958,Suprema Al Limón Con Pimienta X 1 Kg,menú_caliente,,8924,2024-04-15
345828,Empanada Verdura Congelada Elaboración Propia X Unidad,menú_caliente,,1048,2024-04-15
40767,Empanada De Atun,menú_caliente,,1499,2024-04-15
1232,Suprema De Pollo Grillada Por Kg,menú_caliente,,9449,2024-04-15
368614,Tarta Individual Caprese,menú_caliente,,2834,2024-04-15
49728,Combo 1 Carré De Cerdo + Gaseosas,menú_caliente,,36764,2024-04-15
45126,Empanada De Atún Por U,menú_caliente,,1099,2024-04-15
22670,Matambre De Carnes Casero Por Kg,menú_frío,,8344,2024-04-15
41770,Ensalada Del Chef,menú_frío,,2100,2024-04-15
21055,Ensalada Cesar,menú_frío,,2282,2024-04-15
34652,Tarta De Atún,menú_frío,,10999,2024-04-15
338212,Wrap De Carne X Unid,menú_frío,,4999,2024-04-15
12289,Ciabatta De Pollo Y Rúcula,menú_frío,,3674,2024-04-15
338211,Wrap De Pollo.,menú_frío,,4999,2024-04-15
12335,Baguettin Queso Y Jamon Crudo,menú_frío,,4499,2024-04-15
368625,Tarta Individual Pollo,menú_caliente,,2834,2024-04-15
368621,Tarta Individual Verdura,menú_caliente,,2999,2024-04-15
340385,Mini Tarta De Verdura,menú_caliente,,2999,2024-04-15
34535,Pollo Rostisado Trozado Por Kg,menú_caliente,,7288,2024-04-15
46805,Combo 4 Pernil De Cerdo + Salsas + Pan + Gaseosas,menú_caliente,,84999,2024-04-15
54045,Combo 2 Carré De Cerdo + Vitel Toné + Rusa +  Waldorf + Arrollado De Pollo + Gaseosas,menú_caliente,,68249,2024-04-15
26563,Empanada Carne Elaboración Propia X Unidad,menú_caliente,,949,2024-04-16
345693,Empanada Jamón Y Mozzarella Elaboración Propia X Unidad,menú_caliente,,949,2024-04-16
20918,Milanesa De Pollo Rotisería,menú_caliente,,1594,2024-04-16
15756,Pollo Rostisado,menú_caliente,,14293,2024-04-16
310832,Empanada Pollo Congelada Elaboración Propia X Unidad,menú_caliente,,565,2024-04-16
345825,Empanada De Pollo Dc.,menú_caliente,,949,2024-04-16
49242,Medallón De Pollo Rebozado Por Kg,menú_caliente,,5249,2024-04-16
17389,Empanada De Verdura Y Queso,menú_caliente,,949,2024-04-16
17873,Empanada Pollo Elaboración Propia X Unidad,menú_caliente,,949,2024-04-16
310831,Empanada Carne Congelada Elaboración Propia X Unidad,menú_caliente,,1412,2024-04-16
49733,Combo 3 Pollo + Matambre + Rusa + Sandwich Miga + Pan + Gaseosas,menú_caliente,,40949,2024-04-16
310833,Empanada Jamón Y Queso Congelada Elaboración Propia X Unidad,menú_caliente,,1188,2024-04-16
345695,Empanada Humita Elaboración Propia X Unidad,menú_caliente,,857,2024-04-16
48958,Suprema Al Limón Con Pimienta X 1 Kg,menú_caliente,,8924,2024-04-16
345828,Empanada Verdura Congelada Elaboración Propia X Unidad,menú_caliente,,1048,2024-04-16
40767,Empanada De Atun,menú_caliente,,949,2024-04-16
1232,Suprema De Pollo Grillada Por Kg,menú_caliente,,9449,2024-04-16
368614,Tarta Individual Caprese,menú_caliente,,2834,2024-04-16
49728,Combo 1 Carré De Cerdo + Gaseosas,menú_caliente,,36764,2024-04-16
45126,Empanada De Atún Por U,menú_caliente,,949,2024-04-16
22670,Matambre De Carnes Casero Por Kg,menú_frío,,8344,2024-04-16
41770,Ensalada Del Chef,menú_frío,,2132,2024-04-16
21055,Ensalada Cesar,menú_frío,,2282,2024-04-16
34652,Tarta De Atún,menú_frío,,10999,2024-04-16
338212,Wrap De Carne X Unid,menú_frío,,4999,2024-04-16
338211,Wrap De Pollo.,menú_frío,,4999,2024-04-16
12289,Ciabatta De Pollo Y Rúcula,menú_frío,,3674,2024-04-16
12335,Baguettin Queso Y Jamon Crudo,menú_frío,,4499,2024-04-16
368625,Tarta Individual Pollo,menú_caliente,,2834,2024-04-16
368621,Tarta Individual Verdura,menú_caliente,,2999,2024-04-16
340385,Mini Tarta De Verdura,menú_caliente,,2999,2024-04-16
34535,Pollo Rostisado Trozado Por Kg,menú_caliente,,7290,2024-04-16
46805,Combo 4 Pernil De Cerdo + Salsas + Pan + Gaseosas,menú_caliente,,84999,2024-04-16
54045,Combo 2 Carré De Cerdo + Vitel Toné + Rusa +  Waldorf + Arrollado De Pollo + Gaseosas,menú_caliente,,68249,2024-04-16
22670,Matambre De Carnes Casero Por Kg,menú_frío,,8524,2024-04-17
41770,Ensalada Del Chef,menú_frío,,2132,2024-04-17
21055,Ensalada Cesar,menú_frío,,2282,2024-04-17
34652,Tarta De Atún,menú_frío,,10999,2024-04-17
338212,Wrap De Carne X Unid,menú_frío,,4999,2024-04-17
338211,Wrap De Pollo.,menú_frío,,4999,2024-04-17
12289,Ciabatta De Pollo Y Rúcula,menú_frío,,3674,2024-04-17
142175,Wrap Jamon Y Queso,menú_frío,,3149,2024-04-17
12335,Baguettin Queso Y Jamon Crudo,menú_frío,,4499,2024-04-17
26563,Empanada Carne Elaboración Propia X Unidad,menú_caliente,,949,2024-04-17
345693,Empanada Jamón Y Mozzarella Elaboración Propia X Unidad,menú_caliente,,949,2024-04-17
20918,Milanesa De Pollo Rotisería,menú_caliente,,1594,2024-04-17
15756,Pollo Rostisado,menú_caliente,,14293,2024-04-17
310832,Empanada Pollo Congelada Elaboración Propia X Unidad,menú_caliente,,600,2024-04-17
345825,Empanada De Pollo Dc.,menú_caliente,,949,2024-04-17
49242,Medallón De Pollo Rebozado Por Kg,menú_caliente,,5249,2024-04-17
17389,Empanada De Verdura Y Queso,menú_caliente,,949,2024-04-17
17873,Empanada Pollo Elaboración Propia X Unidad,menú_caliente,,949,2024-04-17
310831,Empanada Carne Congelada Elaboración Propia X Unidad,menú_caliente,,1412,2024-04-17
49733,Combo 3 Pollo + Matambre + Rusa + Sandwich Miga + Pan + Gaseosas,menú_caliente,,40949,2024-04-17
310833,Empanada Jamón Y Queso Congelada Elaboración Propia X Unidad,menú_caliente,,1188,2024-04-17
345695,Empanada Humita Elaboración Propia X Unidad,menú_caliente,,857,2024-04-17
48958,Suprema Al Limón Con Pimienta X 1 Kg,menú_caliente,,8924,2024-04-17
40767,Empanada De Atun,menú_caliente,,949,2024-04-17
345828,Empanada Verdura Congelada Elaboración Propia X Unidad,menú_caliente,,1048,2024-04-17
1232,Suprema De Pollo Grillada Por Kg,menú_caliente,,9449,2024-04-17
368614,Tarta Individual Caprese,menú_caliente,,2834,2024-04-17
49728,Combo 1 Carré De Cerdo + Gaseosas,menú_caliente,,36764,2024-04-17
45126,Empanada De Atún Por U,menú_caliente,,949,2024-04-17
368625,Tarta Individual Pollo,menú_caliente,,2834,2024-04-17
368621,Tarta Individual Verdura,menú_caliente,,2999,2024-04-17
340385,Mini Tarta De Verdura,menú_caliente,,2999,2024-04-17
34535,Pollo Rostisado Trozado Por Kg,menú_caliente,,7290,2024-04-17
46805,Combo 4 Pernil De Cerdo + Salsas + Pan + Gaseosas,menú_caliente,,84999,2024-04-17
54045,Combo 2 Carré De Cerdo + Vitel Toné + Rusa +  Waldorf + Arrollado De Pollo + Gaseosas,menú_caliente,,68249,2024-04-17
26563,Empanada Carne Elaboración Propia X Unidad,menú_caliente,,949,2024-04-18
345693,Empanada Jamón Y Mozzarella Elaboración Propia X Unidad,menú_caliente,,1048,2024-04-18
20918,Milanesa De Pollo Rotisería,menú_caliente,,1594,2024-04-18
15756,Pollo Rostisado,menú_caliente,,14293,2024-04-18
310832,Empanada Pollo Congelada Elaboración Propia X Unidad,menú_caliente,,600,2024-04-18
345825,Empanada De Pollo Dc.,menú_caliente,,1048,2024-04-18
49242,Medallón De Pollo Rebozado Por Kg,menú_caliente,,5249,2024-04-18
49733,Combo 3 Pollo + Matambre + Rusa + Sandwich Miga + Pan + Gaseosas,menú_caliente,,45841,2024-04-18
17873,Empanada Pollo Elaboración Propia X Unidad,menú_caliente,,949,2024-04-18
310831,Empanada Carne Congelada Elaboración Propia X Unidad,menú_caliente,,1412,2024-04-18
310833,Empanada Jamón Y Queso Congelada Elaboración Propia X Unidad,menú_caliente,,1190,2024-04-18
345695,Empanada Humita Elaboración Propia X Unidad,menú_caliente,,857,2024-04-18
48958,Suprema Al Limón Con Pimienta X 1 Kg,menú_caliente,,11849,2024-04-18
40767,Empanada De Atun,menú_caliente,,1039,2024-04-18
345828,Empanada Verdura Congelada Elaboración Propia X Unidad,menú_caliente,,1048,2024-04-18
1232,Suprema De Pollo Grillada Por Kg,menú_caliente,,10779,2024-04-18
368614,Tarta Individual Caprese,menú_caliente,,3749,2024-04-18
49728,Combo 1 Carré De Cerdo + Gaseosas,menú_caliente,,36764,2024-04-18
45126,Empanada De Atún Por U,menú_caliente,,949,2024-04-18
368625,Tarta Individual Pollo,menú_caliente,,3509,2024-04-18
22670,Matambre De Carnes Casero Por Kg,menú_frío,,8524,2024-04-18
41770,Ensalada Del Chef,menú_frío,,2126,2024-04-18
21055,Ensalada Cesar,menú_frío,,2282,2024-04-18
34652,Tarta De Atún,menú_frío,,10999,2024-04-18
338212,Wrap De Carne X Unid,menú_frío,,4999,2024-04-18
338211,Wrap De Pollo.,menú_frío,,4999,2024-04-18
12335,Baguettin Queso Y Jamon Crudo,menú_frío,,4499,2024-04-18
368621,Tarta Individual Verdura,menú_caliente,,2999,2024-04-18
340385,Mini Tarta De Verdura,menú_caliente,,2999,2024-04-18
34535,Pollo Rostisado Trozado Por Kg,menú_caliente,,7289,2024-04-18
46805,Combo 4 Pernil De Cerdo + Salsas + Pan + Gaseosas,menú_caliente,,102370,2024-04-18
54045,Combo 2 Carré De Cerdo + Vitel Toné + Rusa +  Waldorf + Arrollado De Pollo + Gaseosas,menú_caliente,,80814,2024-04-18
26563,Empanada Carne Elaboración Propia X Unidad,menú_caliente,,849,2024-04-19
345693,Empanada Jamón Y Mozzarella Elaboración Propia X Unidad,menú_caliente,,849,2024-04-19
20918,Milanesa De Pollo Rotisería,menú_caliente,,1594,2024-04-19
15756,Pollo Rostisado,menú_caliente,,12629,2024-04-19
310832,Empanada Pollo Congelada Elaboración Propia X Unidad,menú_caliente,,600,2024-04-19
345825,Empanada De Pollo Dc.,menú_caliente,,849,2024-04-19
49242,Medallón De Pollo Rebozado Por Kg,menú_caliente,,5249,2024-04-19
49733,Combo 3 Pollo + Matambre + Rusa + Sandwich Miga + Pan + Gaseosas,menú_caliente,,45841,2024-04-19
17873,Empanada Pollo Elaboración Propia X Unidad,menú_caliente,,849,2024-04-19
310831,Empanada Carne Congelada Elaboración Propia X Unidad,menú_caliente,,1412,2024-04-19
310833,Empanada Jamón Y Queso Congelada Elaboración Propia X Unidad,menú_caliente,,1188,2024-04-19
48958,Suprema Al Limón Con Pimienta X 1 Kg,menú_caliente,,11849,2024-04-19
345695,Empanada Humita Elaboración Propia X Unidad,menú_caliente,,857,2024-04-19
40767,Empanada De Atun,menú_caliente,,849,2024-04-19
345828,Empanada Verdura Congelada Elaboración Propia X Unidad,menú_caliente,,1048,2024-04-19
1232,Suprema De Pollo Grillada Por Kg,menú_caliente,,10779,2024-04-19
368614,Tarta Individual Caprese,menú_caliente,,3749,2024-04-19
49728,Combo 1 Carré De Cerdo + Gaseosas,menú_caliente,,36764,2024-04-19
45126,Empanada De Atún Por U,menú_caliente,,849,2024-04-19
368625,Tarta Individual Pollo,menú_caliente,,3509,2024-04-19
22670,Matambre De Carnes Casero Por Kg,menú_frío,,8524,2024-04-19
41770,Ensalada Del Chef,menú_frío,,2123,2024-04-19
21055,Ensalada Cesar,menú_frío,,2282,2024-04-19
34652,Tarta De Atún,menú_frío,,10999,2024-04-19
338212,Wrap De Carne X Unid,menú_frío,,4999,2024-04-19
338211,Wrap De Pollo.,menú_frío,,4999,2024-04-19
12335,Baguettin Queso Y Jamon Crudo,menú_frío,,5199,2024-04-19
368621,Tarta Individual Verdura,menú_caliente,,2999,2024-04-19
340385,Mini Tarta De Verdura,menú_caliente,,2999,2024-04-19
34535,Pollo Rostisado Trozado Por Kg,menú_caliente,,6444,2024-04-19
46805,Combo 4 Pernil De Cerdo + Salsas + Pan + Gaseosas,menú_caliente,,102370,2024-04-19
54045,Combo 2 Carré De Cerdo + Vitel Toné + Rusa +  Waldorf + Arrollado De Pollo + Gaseosas,menú_caliente,,80814,2024-04-19
22670,Matambre De Carnes Casero Por Kg,menú_frío,,8524,2024-04-20
41770,Ensalada Del Chef,menú_frío,,2126,2024-04-20
21055,Ensalada Cesar,menú_frío,,2282,2024-04-20
34652,Tarta De Atún,menú_frío,,9499,2024-04-20
338212,Wrap De Carne X Unid,menú_frío,,4999,2024-04-20
338211,Wrap De Pollo.,menú_frío,,4999,2024-04-20
12335,Baguettin Queso Y Jamon Crudo,menú_frío,,5199,2024-04-20
26563,Empanada Carne Elaboración Propia X Unidad,menú_caliente,,849,2024-04-20
345693,Empanada Jamón Y Mozzarella Elaboración Propia X Unidad,menú_caliente,,849,2024-04-20
20918,Milanesa De Pollo Rotisería,menú_caliente,,1594,2024-04-20
15756,Pollo Rostisado,menú_caliente,,12629,2024-04-20
310832,Empanada Pollo Congelada Elaboración Propia X Unidad,menú_caliente,,600,2024-04-20
345825,Empanada De Pollo Dc.,menú_caliente,,849,2024-04-20
49242,Medallón De Pollo Rebozado Por Kg,menú_caliente,,5249,2024-04-20
49733,Combo 3 Pollo + Matambre + Rusa + Sandwich Miga + Pan + Gaseosas,menú_caliente,,45841,2024-04-20
17873,Empanada Pollo Elaboración Propia X Unidad,menú_caliente,,849,2024-04-20
310831,Empanada Carne Congelada Elaboración Propia X Unidad,menú_caliente,,1412,2024-04-20
310833,Empanada Jamón Y Queso Congelada Elaboración Propia X Unidad,menú_caliente,,1188,2024-04-20
48958,Suprema Al Limón Con Pimienta X 1 Kg,menú_caliente,,11849,2024-04-20
345695,Empanada Humita Elaboración Propia X Unidad,menú_caliente,,857,2024-04-20
40767,Empanada De Atun,menú_caliente,,849,2024-04-20
345828,Empanada Verdura Congelada Elaboración Propia X Unidad,menú_caliente,,1048,2024-04-20
1232,Suprema De Pollo Grillada Por Kg,menú_caliente,,10779,2024-04-20
368614,Tarta Individual Caprese,menú_caliente,,3749,2024-04-20
49728,Combo 1 Carré De Cerdo + Gaseosas,menú_caliente,,36764,2024-04-20
45126,Empanada De Atún Por U,menú_caliente,,849,2024-04-20
368625,Tarta Individual Pollo,menú_caliente,,3509,2024-04-20
368621,Tarta Individual Verdura,menú_caliente,,2999,2024-04-20
340385,Mini Tarta De Verdura,menú_caliente,,2999,2024-04-20
34535,Pollo Rostisado Trozado Por Kg,menú_caliente,,6443,2024-04-20
46805,Combo 4 Pernil De Cerdo + Salsas + Pan + Gaseosas,menú_caliente,,102370,2024-04-20
54045,Combo 2 Carré De Cerdo + Vitel Toné + Rusa +  Waldorf + Arrollado De Pollo + Gaseosas,menú_caliente,,80814,2024-04-20
22670,Matambre De Carnes Casero Por Kg,menú_frío,,8524,2024-04-21
41770,Ensalada Del Chef,menú_frío,,2126,2024-04-21
21055,Ensalada Cesar,menú_frío,,2282,2024-04-21
34652,Tarta De Atún,menú_frío,,9499,2024-04-21
338212,Wrap De Carne X Unid,menú_frío,,4999,2024-04-21
338211,Wrap De Pollo.,menú_frío,,4999,2024-04-21
12335,Baguettin Queso Y Jamon Crudo,menú_frío,,5199,2024-04-21
26563,Empanada Carne Elaboración Propia X Unidad,menú_caliente,,849,2024-04-21
345693,Empanada Jamón Y Mozzarella Elaboración Propia X Unidad,menú_caliente,,849,2024-04-21
20918,Milanesa De Pollo Rotisería,menú_caliente,,1594,2024-04-21
15756,Pollo Rostisado,menú_caliente,,12629,2024-04-21
310832,Empanada Pollo Congelada Elaboración Propia X Unidad,menú_caliente,,600,2024-04-21
345825,Empanada De Pollo Dc.,menú_caliente,,849,2024-04-21
49242,Medallón De Pollo Rebozado Por Kg,menú_caliente,,5249,2024-04-21
49733,Combo 3 Pollo + Matambre + Rusa + Sandwich Miga + Pan + Gaseosas,menú_caliente,,45841,2024-04-21
17873,Empanada Pollo Elaboración Propia X Unidad,menú_caliente,,849,2024-04-21
310831,Empanada Carne Congelada Elaboración Propia X Unidad,menú_caliente,,1412,2024-04-21
310833,Empanada Jamón Y Queso Congelada Elaboración Propia X Unidad,menú_caliente,,1188,2024-04-21
345695,Empanada Humita Elaboración Propia X Unidad,menú_caliente,,857,2024-04-21
48958,Suprema Al Limón Con Pimienta X 1 Kg,menú_caliente,,11849,2024-04-21
40767,Empanada De Atun,menú_caliente,,849,2024-04-21
345828,Empanada Verdura Congelada Elaboración Propia X Unidad,menú_caliente,,1048,2024-04-21
1232,Suprema De Pollo Grillada Por Kg,menú_caliente,,10779,2024-04-21
368614,Tarta Individual Caprese,menú_caliente,,3749,2024-04-21
49728,Combo 1 Carré De Cerdo + Gaseosas,menú_caliente,,36764,2024-04-21
45126,Empanada De Atún Por U,menú_caliente,,849,2024-04-21
368625,Tarta Individual Pollo,menú_caliente,,3509,2024-04-21
368621,Tarta Individual Verdura,menú_caliente,,2999,2024-04-21
340385,Mini Tarta De Verdura,menú_caliente,,2999,2024-04-21
34535,Pollo Rostisado Trozado Por Kg,menú_caliente,,6443,2024-04-21
46805,Combo 4 Pernil De Cerdo + Salsas + Pan + Gaseosas,menú_caliente,,102370,2024-04-21
54045,Combo 2 Carré De Cerdo + Vitel Toné + Rusa +  Waldorf + Arrollado De Pollo + Gaseosas,menú_caliente,,80814,2024-04-21
26563,Empanada Carne Elaboración Propia X Unidad,menú_caliente,,849,2024-04-22
345693,Empanada Jamón Y Mozzarella Elaboración Propia X Unidad,menú_caliente,,1048,2024-04-22
20918,Milanesa De Pollo Rotisería,menú_caliente,,1594,2024-04-22
15756,Pollo Rostisado,menú_caliente,,12629,2024-04-22
310832,Empanada Pollo Congelada Elaboración Propia X Unidad,menú_caliente,,562,2024-04-22
345825,Empanada De Pollo Dc.,menú_caliente,,1048,2024-04-22
49242,Medallón De Pollo Rebozado Por Kg,menú_caliente,,5249,2024-04-22
49733,Combo 3 Pollo + Matambre + Rusa + Sandwich Miga + Pan + Gaseosas,menú_caliente,,40949,2024-04-22
17873,Empanada Pollo Elaboración Propia X Unidad,menú_caliente,,849,2024-04-22
310831,Empanada Carne Congelada Elaboración Propia X Unidad,menú_caliente,,1412,2024-04-22
310833,Empanada Jamón Y Queso Congelada Elaboración Propia X Unidad,menú_caliente,,1115,2024-04-22
345695,Empanada Humita Elaboración Propia X Unidad,menú_caliente,,857,2024-04-22
40767,Empanada De Atun,menú_caliente,,1499,2024-04-22
48958,Suprema Al Limón Con Pimienta X 1 Kg,menú_caliente,,11849,2024-04-22
345828,Empanada Verdura Congelada Elaboración Propia X Unidad,menú_caliente,,1048,2024-04-22
1232,Suprema De Pollo Grillada Por Kg,menú_caliente,,10779,2024-04-22
368614,Tarta Individual Caprese,menú_caliente,,3749,2024-04-22
49728,Combo 1 Carré De Cerdo + Gaseosas,menú_caliente,,36764,2024-04-22
45126,Empanada De Atún Por U,menú_caliente,,949,2024-04-22
368625,Tarta Individual Pollo,menú_caliente,,3509,2024-04-22
22670,Matambre De Carnes Casero Por Kg,menú_frío,,8524,2024-04-22
41770,Ensalada Del Chef,menú_frío,,3499,2024-04-22
21055,Ensalada Cesar,menú_frío,,19999,2024-04-22
34652,Tarta De Atún,menú_frío,,10999,2024-04-22
338212,Wrap De Carne X Unid,menú_frío,,4999,2024-04-22
338211,Wrap De Pollo.,menú_frío,,4999,2024-04-22
368621,Tarta Individual Verdura,menú_caliente,,2999,2024-04-22
340385,Mini Tarta De Verdura,menú_caliente,,2999,2024-04-22
34535,Pollo Rostisado Trozado Por Kg,menú_caliente,,2582,2024-04-22
46805,Combo 4 Pernil De Cerdo + Salsas + Pan + Gaseosas,menú_caliente,,84999,2024-04-22
54045,Combo 2 Carré De Cerdo + Vitel Toné + Rusa +  Waldorf + Arrollado De Pollo + Gaseosas,menú_caliente,,68249,2024-04-22
26563,Empanada Carne Elaboración Propia X Unidad,menú_caliente,,949,2024-04-23
345693,Empanada Jamón Y Mozzarella Elaboración Propia X Unidad,menú_caliente,,1048,2024-04-23
20918,Milanesa De Pollo Rotisería,menú_caliente,,1594,2024-04-23
15756,Pollo Rostisado,menú_caliente,,12629,2024-04-23
310832,Empanada Pollo Congelada Elaboración Propia X Unidad,menú_caliente,,600,2024-04-23
345825,Empanada De Pollo Dc.,menú_caliente,,1048,2024-04-23
49242,Medallón De Pollo Rebozado Por Kg,menú_caliente,,5249,2024-04-23
49733,Combo 3 Pollo + Matambre + Rusa + Sandwich Miga + Pan + Gaseosas,menú_caliente,,45841,2024-04-23
17873,Empanada Pollo Elaboración Propia X Unidad,menú_caliente,,949,2024-04-23
310831,Empanada Carne Congelada Elaboración Propia X Unidad,menú_caliente,,1412,2024-04-23
310833,Empanada Jamón Y Queso Congelada Elaboración Propia X Unidad,menú_caliente,,1189,2024-04-23
345695,Empanada Humita Elaboración Propia X Unidad,menú_caliente,,857,2024-04-23
40767,Empanada De Atun,menú_caliente,,1039,2024-04-23
48958,Suprema Al Limón Con Pimienta X 1 Kg,menú_caliente,,11849,2024-04-23
345828,Empanada Verdura Congelada Elaboración Propia X Unidad,menú_caliente,,1048,2024-04-23
1232,Suprema De Pollo Grillada Por Kg,menú_caliente,,10779,2024-04-23
368614,Tarta Individual Caprese,menú_caliente,,3749,2024-04-23
49728,Combo 1 Carré De Cerdo + Gaseosas,menú_caliente,,36764,2024-04-23
45126,Empanada De Atún Por U,menú_caliente,,949,2024-04-23
368625,Tarta Individual Pollo,menú_caliente,,3509,2024-04-23
22670,Matambre De Carnes Casero Por Kg,menú_frío,,8524,2024-04-23
41770,Ensalada Del Chef,menú_frío,,2195,2024-04-23
21055,Ensalada Cesar,menú_frío,,2356,2024-04-23
34652,Tarta De Atún,menú_frío,,10999,2024-04-23
338212,Wrap De Carne X Unid,menú_frío,,4999,2024-04-23
12335,Baguettin Queso Y Jamon Crudo,menú_frío,,5199,2024-04-23
338211,Wrap De Pollo.,menú_frío,,4999,2024-04-23
368621,Tarta Individual Verdura,menú_caliente,,2999,2024-04-23
340385,Mini Tarta De Verdura,menú_caliente,,2999,2024-04-23
34535,Pollo Rostisado Trozado Por Kg,menú_caliente,,6443,2024-04-23
46805,Combo 4 Pernil De Cerdo + Salsas + Pan + Gaseosas,menú_caliente,,102370,2024-04-23
54045,Combo 2 Carré De Cerdo + Vitel Toné + Rusa +  Waldorf + Arrollado De Pollo + Gaseosas,menú_caliente,,80814,2024-04-23
26563,Empanada Carne Elaboración Propia X Unidad,menú_caliente,,949,2024-04-24
345693,Empanada Jamón Y Mozzarella Elaboración Propia X Unidad,menú_caliente,,1048,2024-04-24
20918,Milanesa De Pollo Rotisería,menú_caliente,,1594,2024-04-24
15756,Pollo Rostisado,menú_caliente,,12629,2024-04-24
310832,Empanada Pollo Congelada Elaboración Propia X Unidad,menú_caliente,,600,2024-04-24
345825,Empanada De Pollo Dc.,menú_caliente,,1048,2024-04-24
49242,Medallón De Pollo Rebozado Por Kg,menú_caliente,,5249,2024-04-24
17873,Empanada Pollo Elaboración Propia X Unidad,menú_caliente,,949,2024-04-24
49733,Combo 3 Pollo + Matambre + Rusa + Sandwich Miga + Pan + Gaseosas,menú_caliente,,45841,2024-04-24
310831,Empanada Carne Congelada Elaboración Propia X Unidad,menú_caliente,,1412,2024-04-24
310833,Empanada Jamón Y Queso Congelada Elaboración Propia X Unidad,menú_caliente,,1189,2024-04-24
345695,Empanada Humita Elaboración Propia X Unidad,menú_caliente,,857,2024-04-24
40767,Empanada De Atun,menú_caliente,,1039,2024-04-24
48958,Suprema Al Limón Con Pimienta X 1 Kg,menú_caliente,,11849,2024-04-24
345828,Empanada Verdura Congelada Elaboración Propia X Unidad,menú_caliente,,1048,2024-04-24
1232,Suprema De Pollo Grillada Por Kg,menú_caliente,,10779,2024-04-24
368614,Tarta Individual Caprese,menú_caliente,,3749,2024-04-24
49728,Combo 1 Carré De Cerdo + Gaseosas,menú_caliente,,36764,2024-04-24
45126,Empanada De Atún Por U,menú_caliente,,949,2024-04-24
368625,Tarta Individual Pollo,menú_caliente,,3509,2024-04-24
22670,Matambre De Carnes Casero Por Kg,menú_frío,,8524,2024-04-24
41770,Ensalada Del Chef,menú_frío,,2195,2024-04-24
21055,Ensalada Cesar,menú_frío,,2356,2024-04-24
34652,Tarta De Atún,menú_frío,,10999,2024-04-24
12335,Baguettin Queso Y Jamon Crudo,menú_frío,,5199,2024-04-24
338212,Wrap De Carne X Unid,menú_frío,,4999,2024-04-24
142175,Wrap Jamon Y Queso,menú_frío,,3149,2024-04-24
12277,Sand. De Atun (rotisería),menú_frío,,3674,2024-04-24
12329,Baguettin Jamón Y Queso,menú_frío,,4899,2024-04-24
338211,Wrap De Pollo.,menú_frío,,4999,2024-04-24
368621,Tarta Individual Verdura,menú_caliente,,2999,2024-04-24
340385,Mini Tarta De Verdura,menú_caliente,,2999,2024-04-24
34535,Pollo Rostisado Trozado Por Kg,menú_caliente,,6443,2024-04-24
46805,Combo 4 Pernil De Cerdo + Salsas + Pan + Gaseosas,menú_caliente,,102370,2024-04-24
54045,Combo 2 Carré De Cerdo + Vitel Toné + Rusa +  Waldorf + Arrollado De Pollo + Gaseosas,menú_caliente,,80814,2024-04-24
22670,Matambre De Carnes Casero Por Kg,menú_frío,,8524,2024-04-25
41770,Ensalada Del Chef,menú_frío,,2278,2024-04-25
21055,Ensalada Cesar,menú_frío,,2374,2024-04-25
34652,Tarta De Atún,menú_frío,,10999,2024-04-25
12335,Baguettin Queso Y Jamon Crudo,menú_frío,,5199,2024-04-25
338212,Wrap De Carne X Unid,menú_frío,,4999,2024-04-25
338211,Wrap De Pollo.,menú_frío,,4999,2024-04-25
26563,Empanada Carne Elaboración Propia X Unidad,menú_caliente,,949,2024-04-25
345693,Empanada Jamón Y Mozzarella Elaboración Propia X Unidad,menú_caliente,,1048,2024-04-25
20918,Milanesa De Pollo Rotisería,menú_caliente,,1594,2024-04-25
15756,Pollo Rostisado,menú_caliente,,12629,2024-04-25
310832,Empanada Pollo Congelada Elaboración Propia X Unidad,menú_caliente,,600,2024-04-25
345825,Empanada De Pollo Dc.,menú_caliente,,1048,2024-04-25
17873,Empanada Pollo Elaboración Propia X Unidad,menú_caliente,,949,2024-04-25
49733,Combo 3 Pollo + Matambre + Rusa + Sandwich Miga + Pan + Gaseosas,menú_caliente,,45841,2024-04-25
310831,Empanada Carne Congelada Elaboración Propia X Unidad,menú_caliente,,1412,2024-04-25
310833,Empanada Jamón Y Queso Congelada Elaboración Propia X Unidad,menú_caliente,,1188,2024-04-25
345695,Empanada Humita Elaboración Propia X Unidad,menú_caliente,,857,2024-04-25
40767,Empanada De Atun,menú_caliente,,1039,2024-04-25
48958,Suprema Al Limón Con Pimienta X 1 Kg,menú_caliente,,11849,2024-04-25
345828,Empanada Verdura Congelada Elaboración Propia X Unidad,menú_caliente,,1048,2024-04-25
1232,Suprema De Pollo Grillada Por Kg,menú_caliente,,10779,2024-04-25
368614,Tarta Individual Caprese,menú_caliente,,3749,2024-04-25
49728,Combo 1 Carré De Cerdo + Gaseosas,menú_caliente,,36764,2024-04-25
45126,Empanada De Atún Por U,menú_caliente,,949,2024-04-25
368625,Tarta Individual Pollo,menú_caliente,,3509,2024-04-25
368621,Tarta Individual Verdura,menú_caliente,,2999,2024-04-25
340385,Mini Tarta De Verdura,menú_caliente,,2999,2024-04-25
34535,Pollo Rostisado Trozado Por Kg,menú_caliente,,6443,2024-04-25
46805,Combo 4 Pernil De Cerdo + Salsas + Pan + Gaseosas,menú_caliente,,102370,2024-04-25
54045,Combo 2 Carré De Cerdo + Vitel Toné + Rusa +  Waldorf + Arrollado De Pollo + Gaseosas,menú_caliente,,80814,2024-04-25
22670,Matambre De Carnes Casero Por Kg,menú_frío,,8524,2024-04-26
41770,Ensalada Del Chef,menú_frío,,2278,2024-04-26
21055,Ensalada Cesar,menú_frío,,2374,2024-04-26
34652,Tarta De Atún,menú_frío,,10999,2024-04-26
12277,Sand. De Atun (rotisería),menú_frío,,3674,2024-04-26
12335,Baguettin Queso Y Jamon Crudo,menú_frío,,5199,2024-04-26
338212,Wrap De Carne X Unid,menú_frío,,4999,2024-04-26
338211,Wrap De Pollo.,menú_frío,,4999,2024-04-26
26563,Empanada Carne Elaboración Propia X Unidad,menú_caliente,,849,2024-04-26
345693,Empanada Jamón Y Mozzarella Elaboración Propia X Unidad,menú_caliente,,849,2024-04-26
15756,Pollo Rostisado,menú_caliente,,12704,2024-04-26
345825,Empanada De Pollo Dc.,menú_caliente,,849,2024-04-26
310832,Empanada Pollo Congelada Elaboración Propia X Unidad,menú_caliente,,600,2024-04-26
17873,Empanada Pollo Elaboración Propia X Unidad,menú_caliente,,849,2024-04-26
49733,Combo 3 Pollo + Matambre + Rusa + Sandwich Miga + Pan + Gaseosas,menú_caliente,,45841,2024-04-26
310831,Empanada Carne Congelada Elaboración Propia X Unidad,menú_caliente,,1412,2024-04-26
345695,Empanada Humita Elaboración Propia X Unidad,menú_caliente,,857,2024-04-26
40767,Empanada De Atun,menú_caliente,,849,2024-04-26
310833,Empanada Jamón Y Queso Congelada Elaboración Propia X Unidad,menú_caliente,,1188,2024-04-26
48958,Suprema Al Limón Con Pimienta X 1 Kg,menú_caliente,,11849,2024-04-26
1232,Suprema De Pollo Grillada Por Kg,menú_caliente,,10779,2024-04-26
345828,Empanada Verdura Congelada Elaboración Propia X Unidad,menú_caliente,,1048,2024-04-26
368614,Tarta Individual Caprese,menú_caliente,,3749,2024-04-26
49728,Combo 1 Carré De Cerdo + Gaseosas,menú_caliente,,36764,2024-04-26
45126,Empanada De Atún Por U,menú_caliente,,849,2024-04-26
368625,Tarta Individual Pollo,menú_caliente,,3509,2024-04-26
368621,Tarta Individual Verdura,menú_caliente,,2999,2024-04-26
340385,Mini Tarta De Verdura,menú_caliente,,2999,2024-04-26
20918,Milanesa De Pollo Rotisería,menú_caliente,,1594,2024-04-26
34535,Pollo Rostisado Trozado Por Kg,menú_caliente,,6481,2024-04-26
46805,Combo 4 Pernil De Cerdo + Salsas + Pan + Gaseosas,menú_caliente,,102370,2024-04-26
54045,Combo 2 Carré De Cerdo + Vitel Toné + Rusa +  Waldorf + Arrollado De Pollo + Gaseosas,menú_caliente,,80814,2024-04-26
22670,Matambre De Carnes Casero Por Kg,menú_frío,,8524,2024-04-27
41770,Ensalada Del Chef,menú_frío,,2278,2024-04-27
21055,Ensalada Cesar,menú_frío,,2374,2024-04-27
34652,Tarta De Atún,menú_frío,,10999,2024-04-27
12335,Baguettin Queso Y Jamon Crudo,menú_frío,,5199,2024-04-27
338212,Wrap De Carne X Unid,menú_frío,,4999,2024-04-27
338211,Wrap De Pollo.,menú_frío,,4999,2024-04-27
26563,Empanada Carne Elaboración Propia X Unidad,menú_caliente,,849,2024-04-27
345693,Empanada Jamón Y Mozzarella Elaboración Propia X Unidad,menú_caliente,,849,2024-04-27
15756,Pollo Rostisado,menú_caliente,,12704,2024-04-27
345825,Empanada De Pollo Dc.,menú_caliente,,849,2024-04-27
310832,Empanada Pollo Congelada Elaboración Propia X Unidad,menú_caliente,,600,2024-04-27
17873,Empanada Pollo Elaboración Propia X Unidad,menú_caliente,,849,2024-04-27
49733,Combo 3 Pollo + Matambre + Rusa + Sandwich Miga + Pan + Gaseosas,menú_caliente,,45841,2024-04-27
310831,Empanada Carne Congelada Elaboración Propia X Unidad,menú_caliente,,1412,2024-04-27
345695,Empanada Humita Elaboración Propia X Unidad,menú_caliente,,857,2024-04-27
40767,Empanada De Atun,menú_caliente,,849,2024-04-27
310833,Empanada Jamón Y Queso Congelada Elaboración Propia X Unidad,menú_caliente,,1219,2024-04-27
48958,Suprema Al Limón Con Pimienta X 1 Kg,menú_caliente,,11849,2024-04-27
1232,Suprema De Pollo Grillada Por Kg,menú_caliente,,10779,2024-04-27
345828,Empanada Verdura Congelada Elaboración Propia X Unidad,menú_caliente,,1048,2024-04-27
368614,Tarta Individual Caprese,menú_caliente,,3749,2024-04-27
49728,Combo 1 Carré De Cerdo + Gaseosas,menú_caliente,,36764,2024-04-27
45126,Empanada De Atún Por U,menú_caliente,,849,2024-04-27
368625,Tarta Individual Pollo,menú_caliente,,3509,2024-04-27
368621,Tarta Individual Verdura,menú_caliente,,2999,2024-04-27
340385,Mini Tarta De Verdura,menú_caliente,,2999,2024-04-27
20918,Milanesa De Pollo Rotisería,menú_caliente,,1594,2024-04-27
34535,Pollo Rostisado Trozado Por Kg,menú_caliente,,6482,2024-04-27
46805,Combo 4 Pernil De Cerdo + Salsas + Pan + Gaseosas,menú_caliente,,102370,2024-04-27
54045,Combo 2 Carré De Cerdo + Vitel Toné + Rusa +  Waldorf + Arrollado De Pollo + Gaseosas,menú_caliente,,80814,2024-04-27
22670,Matambre De Carnes Casero Por Kg,menú_frío,,8524,2024-04-28
41770,Ensalada Del Chef,menú_frío,,2278,2024-04-28
21055,Ensalada Cesar,menú_frío,,2374,2024-04-28
34652,Tarta De Atún,menú_frío,,10999,2024-04-28
338211,Wrap De Pollo.,menú_frío,,4999,2024-04-28
26563,Empanada Carne Elaboración Propia X Unidad,menú_caliente,,849,2024-04-28
345693,Empanada Jamón Y Mozzarella Elaboración Propia X Unidad,menú_caliente,,849,2024-04-28
15756,Pollo Rostisado,menú_caliente,,12704,2024-04-28
345825,Empanada De Pollo Dc.,menú_caliente,,849,2024-04-28
310832,Empanada Pollo Congelada Elaboración Propia X Unidad,menú_caliente,,600,2024-04-28
17873,Empanada Pollo Elaboración Propia X Unidad,menú_caliente,,849,2024-04-28
49733,Combo 3 Pollo + Matambre + Rusa + Sandwich Miga + Pan + Gaseosas,menú_caliente,,45841,2024-04-28
310831,Empanada Carne Congelada Elaboración Propia X Unidad,menú_caliente,,1412,2024-04-28
345695,Empanada Humita Elaboración Propia X Unidad,menú_caliente,,857,2024-04-28
40767,Empanada De Atun,menú_caliente,,849,2024-04-28
310833,Empanada Jamón Y Queso Congelada Elaboración Propia X Unidad,menú_caliente,,1219,2024-04-28
48958,Suprema Al Limón Con Pimienta X 1 Kg,menú_caliente,,11849,2024-04-28
1232,Suprema De Pollo Grillada Por Kg,menú_caliente,,10779,2024-04-28
345828,Empanada Verdura Congelada Elaboración Propia X Unidad,menú_caliente,,1048,2024-04-28
368614,Tarta Individual Caprese,menú_caliente,,3749,2024-04-28
49728,Combo 1 Carré De Cerdo + Gaseosas,menú_caliente,,36764,2024-04-28
45126,Empanada De Atún Por U,menú_caliente,,849,2024-04-28
368625,Tarta Individual Pollo,menú_caliente,,3509,2024-04-28
368621,Tarta Individual Verdura,menú_caliente,,2999,2024-04-28
340385,Mini Tarta De Verdura,menú_caliente,,2999,2024-04-28
20918,Milanesa De Pollo Rotisería,menú_caliente,,1594,2024-04-28
34535,Pollo Rostisado Trozado Por Kg,menú_caliente,,6482,2024-04-28
46805,Combo 4 Pernil De Cerdo + Salsas + Pan + Gaseosas,menú_caliente,,102370,2024-04-28
54045,Combo 2 Carré De Cerdo + Vitel Toné + Rusa +  Waldorf + Arrollado De Pollo + Gaseosas,menú_caliente,,80814,2024-04-28
22670,Matambre De Carnes Casero Por Kg,menú_frío,,8524,2024-04-29
41770,Ensalada Del Chef,menú_frío,,2278,2024-04-29
21055,Ensalada Cesar,menú_frío,,2374,2024-04-29
34596,Arrollado De Pollo Por Kg,menú_frío,,8399,2024-04-29
34652,Tarta De Atún,menú_frío,,10999,2024-04-29
26563,Empanada Carne Elaboración Propia X Unidad,menú_caliente,,949,2024-04-29
345693,Empanada Jamón Y Mozzarella Elaboración Propia X Unidad,menú_caliente,,1048,2024-04-29
15756,Pollo Rostisado,menú_caliente,,12704,2024-04-29
345825,Empanada De Pollo Dc.,menú_caliente,,1048,2024-04-29
310832,Empanada Pollo Congelada Elaboración Propia X Unidad,menú_caliente,,600,2024-04-29
17873,Empanada Pollo Elaboración Propia X Unidad,menú_caliente,,3616,2024-04-29
49733,Combo 3 Pollo + Matambre + Rusa + Sandwich Miga + Pan + Gaseosas,menú_caliente,,45841,2024-04-29
310831,Empanada Carne Congelada Elaboración Propia X Unidad,menú_caliente,,1412,2024-04-29
345695,Empanada Humita Elaboración Propia X Unidad,menú_caliente,,857,2024-04-29
40767,Empanada De Atun,menú_caliente,,1039,2024-04-29
310833,Empanada Jamón Y Queso Congelada Elaboración Propia X Unidad,menú_caliente,,1219,2024-04-29
48958,Suprema Al Limón Con Pimienta X 1 Kg,menú_caliente,,11849,2024-04-29
345828,Empanada Verdura Congelada Elaboración Propia X Unidad,menú_caliente,,1048,2024-04-29
1232,Suprema De Pollo Grillada Por Kg,menú_caliente,,10779,2024-04-29
368614,Tarta Individual Caprese,menú_caliente,,3749,2024-04-29
49728,Combo 1 Carré De Cerdo + Gaseosas,menú_caliente,,36764,2024-04-29
45126,Empanada De Atún Por U,menú_caliente,,949,2024-04-29
368625,Tarta Individual Pollo,menú_caliente,,3509,2024-04-29
368621,Tarta Individual Verdura,menú_caliente,,2999,2024-04-29
340385,Mini Tarta De Verdura,menú_caliente,,2999,2024-04-29
20918,Milanesa De Pollo Rotisería,menú_caliente,,1594,2024-04-29
34535,Pollo Rostisado Trozado Por Kg,menú_caliente,,6482,2024-04-29
46805,Combo 4 Pernil De Cerdo + Salsas + Pan + Gaseosas,menú_caliente,,102370,2024-04-29
54045,Combo 2 Carré De Cerdo + Vitel Toné + Rusa +  Waldorf + Arrollado De Pollo + Gaseosas,menú_caliente,,80814,2024-04-29
368622,Tarta Individual Calabaza,menú_caliente,,2834,2024-04-29
22670,Matambre De Carnes Casero Por Kg,menú_frío,,8524,2024-04-30
41770,Ensalada Del Chef,menú_frío,,2350,2024-04-30
21055,Ensalada Cesar,menú_frío,,2449,2024-04-30
34596,Arrollado De Pollo Por Kg,menú_frío,,8399,2024-04-30
34652,Tarta De Atún,menú_frío,,10999,2024-04-30
26563,Empanada Carne Elaboración Propia X Unidad,menú_caliente,,949,2024-04-30
345693,Empanada Jamón Y Mozzarella Elaboración Propia X Unidad,menú_caliente,,1048,2024-04-30
15756,Pollo Rostisado,menú_caliente,,12704,2024-04-30
310832,Empanada Pollo Congelada Elaboración Propia X Unidad,menú_caliente,,644,2024-04-30
345825,Empanada De Pollo Dc.,menú_caliente,,1048,2024-04-30
49242,Medallón De Pollo Rebozado Por Kg,menú_caliente,,5249,2024-04-30
17873,Empanada Pollo Elaboración Propia X Unidad,menú_caliente,,3879,2024-04-30
49733,Combo 3 Pollo + Matambre + Rusa + Sandwich Miga + Pan + Gaseosas,menú_caliente,,45841,2024-04-30
310831,Empanada Carne Congelada Elaboración Propia X Unidad,menú_caliente,,1412,2024-04-30
345695,Empanada Humita Elaboración Propia X Unidad,menú_caliente,,857,2024-04-30
40767,Empanada De Atun,menú_caliente,,1039,2024-04-30
310833,Empanada Jamón Y Queso Congelada Elaboración Propia X Unidad,menú_caliente,,1219,2024-04-30
48958,Suprema Al Limón Con Pimienta X 1 Kg,menú_caliente,,11849,2024-04-30
1232,Suprema De Pollo Grillada Por Kg,menú_caliente,,10779,2024-04-30
345828,Empanada Verdura Congelada Elaboración Propia X Unidad,menú_caliente,,1048,2024-04-30
368614,Tarta Individual Caprese,menú_caliente,,3749,2024-04-30
45126,Empanada De Atún Por U,menú_caliente,,949,2024-04-30
49728,Combo 1 Carré De Cerdo + Gaseosas,menú_caliente,,36764,2024-04-30
368625,Tarta Individual Pollo,menú_caliente,,3509,2024-04-30
368621,Tarta Individual Verdura,menú_caliente,,2999,2024-04-30
340385,Mini Tarta De Verdura,menú_caliente,,2999,2024-04-30
20918,Milanesa De Pollo Rotisería,menú_caliente,,1594,2024-04-30
34535,Pollo Rostisado Trozado Por Kg,menú_caliente,,6482,2024-04-30
46805,Combo 4 Pernil De Cerdo + Salsas + Pan + Gaseosas,menú_caliente,,102370,2024-04-30
54045,Combo 2 Carré De Cerdo + Vitel Toné + Rusa +  Waldorf + Arrollado De Pollo + Gaseosas,menú_caliente,,80814,2024-04-30
368622,Tarta Individual Calabaza,menú_caliente,,2834,2024-04-30
22670,Matambre De Carnes Casero Por Kg,menú_frío,,8524,2024-05-01
41770,Ensalada Del Chef,menú_frío,,2350,2024-05-01
21055,Ensalada Cesar,menú_frío,,2449,2024-05-01
34596,Arrollado De Pollo Por Kg,menú_frío,,8399,2024-05-01
34652,Tarta De Atún,menú_frío,,10999,2024-05-01
26563,Empanada Carne Elaboración Propia X Unidad,menú_caliente,,949,2024-05-01
345693,Empanada Jamón Y Mozzarella Elaboración Propia X Unidad,menú_caliente,,1048,2024-05-01
15756,Pollo Rostisado,menú_caliente,,12704,2024-05-01
310832,Empanada Pollo Congelada Elaboración Propia X Unidad,menú_caliente,,644,2024-05-01
345825,Empanada De Pollo Dc.,menú_caliente,,1048,2024-05-01
49242,Medallón De Pollo Rebozado Por Kg,menú_caliente,,5249,2024-05-01
17873,Empanada Pollo Elaboración Propia X Unidad,menú_caliente,,3879,2024-05-01
49733,Combo 3 Pollo + Matambre + Rusa + Sandwich Miga + Pan + Gaseosas,menú_caliente,,45841,2024-05-01
310831,Empanada Carne Congelada Elaboración Propia X Unidad,menú_caliente,,1412,2024-05-01
345695,Empanada Humita Elaboración Propia X Unidad,menú_caliente,,857,2024-05-01
40767,Empanada De Atun,menú_caliente,,1039,2024-05-01
310833,Empanada Jamón Y Queso Congelada Elaboración Propia X Unidad,menú_caliente,,1219,2024-05-01
48958,Suprema Al Limón Con Pimienta X 1 Kg,menú_caliente,,11849,2024-05-01
1232,Suprema De Pollo Grillada Por Kg,menú_caliente,,10779,2024-05-01
345828,Empanada Verdura Congelada Elaboración Propia X Unidad,menú_caliente,,1048,2024-05-01
368614,Tarta Individual Caprese,menú_caliente,,3749,2024-05-01
45126,Empanada De Atún Por U,menú_caliente,,949,2024-05-01
49728,Combo 1 Carré De Cerdo + Gaseosas,menú_caliente,,36764,2024-05-01
368625,Tarta Individual Pollo,menú_caliente,,3509,2024-05-01
368621,Tarta Individual Verdura,menú_caliente,,2999,2024-05-01
340385,Mini Tarta De Verdura,menú_caliente,,2999,2024-05-01
20918,Milanesa De Pollo Rotisería,menú_caliente,,1594,2024-05-01
34535,Pollo Rostisado Trozado Por Kg,menú_caliente,,6482,2024-05-01
46805,Combo 4 Pernil De Cerdo + Salsas + Pan + Gaseosas,menú_caliente,,102370,2024-05-01
54045,Combo 2 Carré De Cerdo + Vitel Toné + Rusa +  Waldorf + Arrollado De Pollo + Gaseosas,menú_caliente,,80814,2024-05-01
368622,Tarta Individual Calabaza,menú_caliente,,2834,2024-05-01
22670,Matambre De Carnes Casero Por Kg,menú_frío,,8524,2024-05-02
41770,Ensalada Del Chef,menú_frío,,2350,2024-05-02
21055,Ensalada Cesar,menú_frío,,2449,2024-05-02
34596,Arrollado De Pollo Por Kg,menú_frío,,8399,2024-05-02
34652,Tarta De Atún,menú_frío,,10999,2024-05-02
26563,Empanada Carne Elaboración Propia X Unidad,menú_caliente,,949,2024-05-02
345693,Empanada Jamón Y Mozzarella Elaboración Propia X Unidad,menú_caliente,,1048,2024-05-02
15756,Pollo Rostisado,menú_caliente,,12704,2024-05-02
310832,Empanada Pollo Congelada Elaboración Propia X Unidad,menú_caliente,,644,2024-05-02
345825,Empanada De Pollo Dc.,menú_caliente,,1048,2024-05-02
49242,Medallón De Pollo Rebozado Por Kg,menú_caliente,,5249,2024-05-02
17873,Empanada Pollo Elaboración Propia X Unidad,menú_caliente,,3879,2024-05-02
49733,Combo 3 Pollo + Matambre + Rusa + Sandwich Miga + Pan + Gaseosas,menú_caliente,,45841,2024-05-02
310831,Empanada Carne Congelada Elaboración Propia X Unidad,menú_caliente,,1412,2024-05-02
40767,Empanada De Atun,menú_caliente,,1039,2024-05-02
345695,Empanada Humita Elaboración Propia X Unidad,menú_caliente,,857,2024-05-02
310833,Empanada Jamón Y Queso Congelada Elaboración Propia X Unidad,menú_caliente,,1219,2024-05-02
48958,Suprema Al Limón Con Pimienta X 1 Kg,menú_caliente,,11849,2024-05-02
1232,Suprema De Pollo Grillada Por Kg,menú_caliente,,10779,2024-05-02
345828,Empanada Verdura Congelada Elaboración Propia X Unidad,menú_caliente,,1048,2024-05-02
368614,Tarta Individual Caprese,menú_caliente,,3749,2024-05-02
45126,Empanada De Atún Por U,menú_caliente,,949,2024-05-02
49728,Combo 1 Carré De Cerdo + Gaseosas,menú_caliente,,36764,2024-05-02
368625,Tarta Individual Pollo,menú_caliente,,3509,2024-05-02
368621,Tarta Individual Verdura,menú_caliente,,2999,2024-05-02
340385,Mini Tarta De Verdura,menú_caliente,,2999,2024-05-02
20918,Milanesa De Pollo Rotisería,menú_caliente,,1594,2024-05-02
34535,Pollo Rostisado Trozado Por Kg,menú_caliente,,6482,2024-05-02
46805,Combo 4 Pernil De Cerdo + Salsas + Pan + Gaseosas,menú_caliente,,102370,2024-05-02
54045,Combo 2 Carré De Cerdo + Vitel Toné + Rusa +  Waldorf + Arrollado De Pollo + Gaseosas,menú_caliente,,80814,2024-05-02
368622,Tarta Individual Calabaza,menú_caliente,,2834,2024-05-02
22670,Matambre De Carnes Casero Por Kg,menú_frío,,8524,2024-05-03
41770,Ensalada Del Chef,menú_frío,,2357,2024-05-03
21055,Ensalada Cesar,menú_frío,,2449,2024-05-03
34596,Arrollado De Pollo Por Kg,menú_frío,,8399,2024-05-03
34652,Tarta De Atún,menú_frío,,10999,2024-05-03
26563,Empanada Carne Elaboración Propia X Unidad,menú_caliente,,849,2024-05-03
345693,Empanada Jamón Y Mozzarella Elaboración Propia X Unidad,menú_caliente,,849,2024-05-03
15756,Pollo Rostisado,menú_caliente,,12629,2024-05-03
310832,Empanada Pollo Congelada Elaboración Propia X Unidad,menú_caliente,,644,2024-05-03
345825,Empanada De Pollo Dc.,menú_caliente,,849,2024-05-03
49242,Medallón De Pollo Rebozado Por Kg,menú_caliente,,5249,2024-05-03
17873,Empanada Pollo Elaboración Propia X Unidad,menú_caliente,,3879,2024-05-03
49733,Combo 3 Pollo + Matambre + Rusa + Sandwich Miga + Pan + Gaseosas,menú_caliente,,45841,2024-05-03
310831,Empanada Carne Congelada Elaboración Propia X Unidad,menú_caliente,,1412,2024-05-03
40767,Empanada De Atun,menú_caliente,,849,2024-05-03
345695,Empanada Humita Elaboración Propia X Unidad,menú_caliente,,857,2024-05-03
310833,Empanada Jamón Y Queso Congelada Elaboración Propia X Unidad,menú_caliente,,1319,2024-05-03
48958,Suprema Al Limón Con Pimienta X 1 Kg,menú_caliente,,11849,2024-05-03
1232,Suprema De Pollo Grillada Por Kg,menú_caliente,,10779,2024-05-03
345828,Empanada Verdura Congelada Elaboración Propia X Unidad,menú_caliente,,1048,2024-05-03
45126,Empanada De Atún Por U,menú_caliente,,849,2024-05-03
49728,Combo 1 Carré De Cerdo + Gaseosas,menú_caliente,,36764,2024-05-03
368625,Tarta Individual Pollo,menú_caliente,,3509,2024-05-03
368621,Tarta Individual Verdura,menú_caliente,,2999,2024-05-03
340385,Mini Tarta De Verdura,menú_caliente,,2999,2024-05-03
20918,Milanesa De Pollo Rotisería,menú_caliente,,1594,2024-05-03
34535,Pollo Rostisado Trozado Por Kg,menú_caliente,,6443,2024-05-03
46805,Combo 4 Pernil De Cerdo + Salsas + Pan + Gaseosas,menú_caliente,,102370,2024-05-03
54045,Combo 2 Carré De Cerdo + Vitel Toné + Rusa +  Waldorf + Arrollado De Pollo + Gaseosas,menú_caliente,,80814,2024-05-03
22670,Matambre De Carnes Casero Por Kg,menú_frío,,8524,2024-05-04
41770,Ensalada Del Chef,menú_frío,,2357,2024-05-04
21055,Ensalada Cesar,menú_frío,,2449,2024-05-04
34596,Arrollado De Pollo Por Kg,menú_frío,,8399,2024-05-04
34652,Tarta De Atún,menú_frío,,9999,2024-05-04
26563,Empanada Carne Elaboración Propia X Unidad,menú_caliente,,849,2024-05-04
345693,Empanada Jamón Y Mozzarella Elaboración Propia X Unidad,menú_caliente,,849,2024-05-04
15756,Pollo Rostisado,menú_caliente,,12629,2024-05-04
310832,Empanada Pollo Congelada Elaboración Propia X Unidad,menú_caliente,,644,2024-05-04
345825,Empanada De Pollo Dc.,menú_caliente,,849,2024-05-04
49242,Medallón De Pollo Rebozado Por Kg,menú_caliente,,5249,2024-05-04
17873,Empanada Pollo Elaboración Propia X Unidad,menú_caliente,,3879,2024-05-04
49733,Combo 3 Pollo + Matambre + Rusa + Sandwich Miga + Pan + Gaseosas,menú_caliente,,45841,2024-05-04
310831,Empanada Carne Congelada Elaboración Propia X Unidad,menú_caliente,,1412,2024-05-04
40767,Empanada De Atun,menú_caliente,,849,2024-05-04
345695,Empanada Humita Elaboración Propia X Unidad,menú_caliente,,857,2024-05-04
310833,Empanada Jamón Y Queso Congelada Elaboración Propia X Unidad,menú_caliente,,1319,2024-05-04
48958,Suprema Al Limón Con Pimienta X 1 Kg,menú_caliente,,11849,2024-05-04
1232,Suprema De Pollo Grillada Por Kg,menú_caliente,,10779,2024-05-04
345828,Empanada Verdura Congelada Elaboración Propia X Unidad,menú_caliente,,1048,2024-05-04
45126,Empanada De Atún Por U,menú_caliente,,849,2024-05-04
49728,Combo 1 Carré De Cerdo + Gaseosas,menú_caliente,,36764,2024-05-04
368625,Tarta Individual Pollo,menú_caliente,,3509,2024-05-04
340385,Mini Tarta De Verdura,menú_caliente,,2999,2024-05-04
368621,Tarta Individual Verdura,menú_caliente,,2999,2024-05-04
20918,Milanesa De Pollo Rotisería,menú_caliente,,1594,2024-05-04
34535,Pollo Rostisado Trozado Por Kg,menú_caliente,,6443,2024-05-04
46805,Combo 4 Pernil De Cerdo + Salsas + Pan + Gaseosas,menú_caliente,,102370,2024-05-04
54045,Combo 2 Carré De Cerdo + Vitel Toné + Rusa +  Waldorf + Arrollado De Pollo + Gaseosas,menú_caliente,,80814,2024-05-04
26563,Empanada Carne Elaboración Propia X Unidad,menú_caliente,,849,2024-05-05
345693,Empanada Jamón Y Mozzarella Elaboración Propia X Unidad,menú_caliente,,849,2024-05-05
15756,Pollo Rostisado,menú_caliente,,12629,2024-05-05
310832,Empanada Pollo Congelada Elaboración Propia X Unidad,menú_caliente,,644,2024-05-05
345825,Empanada De Pollo Dc.,menú_caliente,,849,2024-05-05
49242,Medallón De Pollo Rebozado Por Kg,menú_caliente,,5249,2024-05-05
17873,Empanada Pollo Elaboración Propia X Unidad,menú_caliente,,3879,2024-05-05
49733,Combo 3 Pollo + Matambre + Rusa + Sandwich Miga + Pan + Gaseosas,menú_caliente,,45841,2024-05-05
310831,Empanada Carne Congelada Elaboración Propia X Unidad,menú_caliente,,1412,2024-05-05
40767,Empanada De Atun,menú_caliente,,849,2024-05-05
345695,Empanada Humita Elaboración Propia X Unidad,menú_caliente,,857,2024-05-05
310833,Empanada Jamón Y Queso Congelada Elaboración Propia X Unidad,menú_caliente,,1319,2024-05-05
48958,Suprema Al Limón Con Pimienta X 1 Kg,menú_caliente,,11849,2024-05-05
1232,Suprema De Pollo Grillada Por Kg,menú_caliente,,10779,2024-05-05
345828,Empanada Verdura Congelada Elaboración Propia X Unidad,menú_caliente,,1048,2024-05-05
45126,Empanada De Atún Por U,menú_caliente,,849,2024-05-05
49728,Combo 1 Carré De Cerdo + Gaseosas,menú_caliente,,36764,2024-05-05
368625,Tarta Individual Pollo,menú_caliente,,3509,2024-05-05
340385,Mini Tarta De Verdura,menú_caliente,,2999,2024-05-05
368621,Tarta Individual Verdura,menú_caliente,,2999,2024-05-05
22670,Matambre De Carnes Casero Por Kg,menú_frío,,8524,2024-05-05
41770,Ensalada Del Chef,menú_frío,,2357,2024-05-05
21055,Ensalada Cesar,menú_frío,,2449,2024-05-05
34652,Tarta De Atún,menú_frío,,9999,2024-05-05
20918,Milanesa De Pollo Rotisería,menú_caliente,,1594,2024-05-05
34535,Pollo Rostisado Trozado Por Kg,menú_caliente,,6443,2024-05-05
46805,Combo 4 Pernil De Cerdo + Salsas + Pan + Gaseosas,menú_caliente,,102370,2024-05-05
54045,Combo 2 Carré De Cerdo + Vitel Toné + Rusa +  Waldorf + Arrollado De Pollo + Gaseosas,menú_caliente,,80814,2024-05-05
22670,Matambre De Carnes Casero Por Kg,menú_frío,,8582,2024-05-06
41770,Ensalada Del Chef,menú_frío,,2357,2024-05-06
21055,Ensalada Cesar,menú_frío,,2449,2024-05-06
34652,Tarta De Atún,menú_frío,,10999,2024-05-06
26563,Empanada Carne Elaboración Propia X Unidad,menú_caliente,,849,2024-05-06
345693,Empanada Jamón Y Mozzarella Elaboración Propia X Unidad,menú_caliente,,849,2024-05-06
15756,Pollo Rostisado,menú_caliente,,12629,2024-05-06
310832,Empanada Pollo Congelada Elaboración Propia X Unidad,menú_caliente,,644,2024-05-06
345825,Empanada De Pollo Dc.,menú_caliente,,849,2024-05-06
49242,Medallón De Pollo Rebozado Por Kg,menú_caliente,,5249,2024-05-06
17873,Empanada Pollo Elaboración Propia X Unidad,menú_caliente,,3879,2024-05-06
49733,Combo 3 Pollo + Matambre + Rusa + Sandwich Miga + Pan + Gaseosas,menú_caliente,,45841,2024-05-06
310831,Empanada Carne Congelada Elaboración Propia X Unidad,menú_caliente,,1412,2024-05-06
40767,Empanada De Atun,menú_caliente,,849,2024-05-06
310833,Empanada Jamón Y Queso Congelada Elaboración Propia X Unidad,menú_caliente,,1319,2024-05-06
48958,Suprema Al Limón Con Pimienta X 1 Kg,menú_caliente,,11849,2024-05-06
345695,Empanada Humita Elaboración Propia X Unidad,menú_caliente,,857,2024-05-06
1232,Suprema De Pollo Grillada Por Kg,menú_caliente,,10779,2024-05-06
345828,Empanada Verdura Congelada Elaboración Propia X Unidad,menú_caliente,,1048,2024-05-06
45126,Empanada De Atún Por U,menú_caliente,,849,2024-05-06
49728,Combo 1 Carré De Cerdo + Gaseosas,menú_caliente,,36764,2024-05-06
368625,Tarta Individual Pollo,menú_caliente,,3509,2024-05-06
340385,Mini Tarta De Verdura,menú_caliente,,2999,2024-05-06
368621,Tarta Individual Verdura,menú_caliente,,2999,2024-05-06
20918,Milanesa De Pollo Rotisería,menú_caliente,,1594,2024-05-06
34535,Pollo Rostisado Trozado Por Kg,menú_caliente,,6443,2024-05-06
46805,Combo 4 Pernil De Cerdo + Salsas + Pan + Gaseosas,menú_caliente,,102370,2024-05-06
54045,Combo 2 Carré De Cerdo + Vitel Toné + Rusa +  Waldorf + Arrollado De Pollo + Gaseosas,menú_caliente,,80814,2024-05-06
26563,Empanada Carne Elaboración Propia X Unidad,menú_caliente,,849,2024-05-07
345693,Empanada Jamón Y Mozzarella Elaboración Propia X Unidad,menú_caliente,,849,2024-05-07
15756,Pollo Rostisado,menú_caliente,,12629,2024-05-07
310832,Empanada Pollo Congelada Elaboración Propia X Unidad,menú_caliente,,645,2024-05-07
345825,Empanada De Pollo Dc.,menú_caliente,,849,2024-05-07
49242,Medallón De Pollo Rebozado Por Kg,menú_caliente,,5249,2024-05-07
17873,Empanada Pollo Elaboración Propia X Unidad,menú_caliente,,3884,2024-05-07
49733,Combo 3 Pollo + Matambre + Rusa + Sandwich Miga + Pan + Gaseosas,menú_caliente,,45841,2024-05-07
310831,Empanada Carne Congelada Elaboración Propia X Unidad,menú_caliente,,1412,2024-05-07
40767,Empanada De Atun,menú_caliente,,849,2024-05-07
310833,Empanada Jamón Y Queso Congelada Elaboración Propia X Unidad,menú_caliente,,1319,2024-05-07
48958,Suprema Al Limón Con Pimienta X 1 Kg,menú_caliente,,11849,2024-05-07
345695,Empanada Humita Elaboración Propia X Unidad,menú_caliente,,857,2024-05-07
1232,Suprema De Pollo Grillada Por Kg,menú_caliente,,10779,2024-05-07
345828,Empanada Verdura Congelada Elaboración Propia X Unidad,menú_caliente,,1048,2024-05-07
45126,Empanada De Atún Por U,menú_caliente,,849,2024-05-07
49728,Combo 1 Carré De Cerdo + Gaseosas,menú_caliente,,36764,2024-05-07
368625,Tarta Individual Pollo,menú_caliente,,3509,2024-05-07
340385,Mini Tarta De Verdura,menú_caliente,,2999,2024-05-07
368621,Tarta Individual Verdura,menú_caliente,,2999,2024-05-07
22670,Matambre De Carnes Casero Por Kg,menú_frío,,8582,2024-05-07
41770,Ensalada Del Chef,menú_frío,,2366,2024-05-07
21055,Ensalada Cesar,menú_frío,,2449,2024-05-07
34652,Tarta De Atún,menú_frío,,10999,2024-05-07
20918,Milanesa De Pollo Rotisería,menú_caliente,,1594,2024-05-07
34535,Pollo Rostisado Trozado Por Kg,menú_caliente,,6443,2024-05-07
46805,Combo 4 Pernil De Cerdo + Salsas + Pan + Gaseosas,menú_caliente,,102370,2024-05-07
54045,Combo 2 Carré De Cerdo + Vitel Toné + Rusa +  Waldorf + Arrollado De Pollo + Gaseosas,menú_caliente,,80814,2024-05-07
22670,Matambre De Carnes Casero Por Kg,menú_frío,,8615,2024-05-08
41770,Ensalada Del Chef,menú_frío,,2366,2024-05-08
21055,Ensalada Cesar,menú_frío,,2449,2024-05-08
34652,Tarta De Atún,menú_frío,,10999,2024-05-08
26563,Empanada Carne Elaboración Propia X Unidad,menú_caliente,,849,2024-05-08
345693,Empanada Jamón Y Mozzarella Elaboración Propia X Unidad,menú_caliente,,849,2024-05-08
15756,Pollo Rostisado,menú_caliente,,12629,2024-05-08
310832,Empanada Pollo Congelada Elaboración Propia X Unidad,menú_caliente,,645,2024-05-08
345825,Empanada De Pollo Dc.,menú_caliente,,849,2024-05-08
49242,Medallón De Pollo Rebozado Por Kg,menú_caliente,,5249,2024-05-08
17873,Empanada Pollo Elaboración Propia X Unidad,menú_caliente,,849,2024-05-08
49733,Combo 3 Pollo + Matambre + Rusa + Sandwich Miga + Pan + Gaseosas,menú_caliente,,45841,2024-05-08
310831,Empanada Carne Congelada Elaboración Propia X Unidad,menú_caliente,,1412,2024-05-08
345689,Empanada De Cordero Con Hongos De Pino,menú_caliente,,949,2024-05-08
40767,Empanada De Atun,menú_caliente,,849,2024-05-08
310833,Empanada Jamón Y Queso Congelada Elaboración Propia X Unidad,menú_caliente,,1319,2024-05-08
48958,Suprema Al Limón Con Pimienta X 1 Kg,menú_caliente,,11849,2024-05-08
345695,Empanada Humita Elaboración Propia X Unidad,menú_caliente,,857,2024-05-08
1232,Suprema De Pollo Grillada Por Kg,menú_caliente,,10779,2024-05-08
350209,Empanada De Cerdo Y Barbacoa,menú_caliente,,919,2024-05-08
345828,Empanada Verdura Congelada Elaboración Propia X Unidad,menú_caliente,,1048,2024-05-08
49728,Combo 1 Carré De Cerdo + Gaseosas,menú_caliente,,36764,2024-05-08
368625,Tarta Individual Pollo,menú_caliente,,3509,2024-05-08
340385,Mini Tarta De Verdura,menú_caliente,,2999,2024-05-08
368621,Tarta Individual Verdura,menú_caliente,,2999,2024-05-08
20918,Milanesa De Pollo Rotisería,menú_caliente,,1594,2024-05-08
34535,Pollo Rostisado Trozado Por Kg,menú_caliente,,6443,2024-05-08
46805,Combo 4 Pernil De Cerdo + Salsas + Pan + Gaseosas,menú_caliente,,102370,2024-05-08
54045,Combo 2 Carré De Cerdo + Vitel Toné + Rusa +  Waldorf + Arrollado De Pollo + Gaseosas,menú_caliente,,80814,2024-05-08
383900,Empanada Verdura,menú_caliente,,999,2024-05-08
26563,Empanada Carne Elaboración Propia X Unidad,menú_caliente,,849,2024-05-09
345693,Empanada Jamón Y Mozzarella Elaboración Propia X Unidad,menú_caliente,,849,2024-05-09
15756,Pollo Rostisado,menú_caliente,,12629,2024-05-09
310832,Empanada Pollo Congelada Elaboración Propia X Unidad,menú_caliente,,645,2024-05-09
345825,Empanada De Pollo Dc.,menú_caliente,,849,2024-05-09
49242,Medallón De Pollo Rebozado Por Kg,menú_caliente,,5249,2024-05-09
17873,Empanada Pollo Elaboración Propia X Unidad,menú_caliente,,849,2024-05-09
49733,Combo 3 Pollo + Matambre + Rusa + Sandwich Miga + Pan + Gaseosas,menú_caliente,,45841,2024-05-09
310831,Empanada Carne Congelada Elaboración Propia X Unidad,menú_caliente,,1412,2024-05-09
345689,Empanada De Cordero Con Hongos De Pino,menú_caliente,,949,2024-05-09
40767,Empanada De Atun,menú_caliente,,849,2024-05-09
310833,Empanada Jamón Y Queso Congelada Elaboración Propia X Unidad,menú_caliente,,1319,2024-05-09
48958,Suprema Al Limón Con Pimienta X 1 Kg,menú_caliente,,11849,2024-05-09
345695,Empanada Humita Elaboración Propia X Unidad,menú_caliente,,857,2024-05-09
1232,Suprema De Pollo Grillada Por Kg,menú_caliente,,10779,2024-05-09
350209,Empanada De Cerdo Y Barbacoa,menú_caliente,,919,2024-05-09
345828,Empanada Verdura Congelada Elaboración Propia X Unidad,menú_caliente,,1048,2024-05-09
49728,Combo 1 Carré De Cerdo + Gaseosas,menú_caliente,,36764,2024-05-09
368625,Tarta Individual Pollo,menú_caliente,,3509,2024-05-09
340385,Mini Tarta De Verdura,menú_caliente,,2999,2024-05-09
22670,Matambre De Carnes Casero Por Kg,menú_frío,,8615,2024-05-09
41770,Ensalada Del Chef,menú_frío,,2368,2024-05-09
21055,Ensalada Cesar,menú_frío,,2449,2024-05-09
34652,Tarta De Atún,menú_frío,,10999,2024-05-09
368621,Tarta Individual Verdura,menú_caliente,,2999,2024-05-09
383900,Empanada Verdura,menú_caliente,,999,2024-05-09
20918,Milanesa De Pollo Rotisería,menú_caliente,,1594,2024-05-09
34535,Pollo Rostisado Trozado Por Kg,menú_caliente,,6443,2024-05-09
46805,Combo 4 Pernil De Cerdo + Salsas + Pan + Gaseosas,menú_caliente,,102370,2024-05-09
54045,Combo 2 Carré De Cerdo + Vitel Toné + Rusa +  Waldorf + Arrollado De Pollo + Gaseosas,menú_caliente,,80814,2024-05-09
22670,Matambre De Carnes Casero Por Kg,menú_frío,,16089,2024-05-10
41770,Ensalada Del Chef,menú_frío,,2368,2024-05-10
21055,Ensalada Cesar,menú_frío,,2449,2024-05-10
34652,Tarta De Atún,menú_frío,,10999,2024-05-10
26563,Empanada Carne Elaboración Propia X Unidad,menú_caliente,,990,2024-05-10
345693,Empanada Jamón Y Mozzarella Elaboración Propia X Unidad,menú_caliente,,1048,2024-05-10
15756,Pollo Rostisado,menú_caliente,,12704,2024-05-10
310832,Empanada Pollo Congelada Elaboración Propia X Unidad,menú_caliente,,793,2024-05-10
345825,Empanada De Pollo Dc.,menú_caliente,,1048,2024-05-10
49242,Medallón De Pollo Rebozado Por Kg,menú_caliente,,5249,2024-05-10
17873,Empanada Pollo Elaboración Propia X Unidad,menú_caliente,,990,2024-05-10
49733,Combo 3 Pollo + Matambre + Rusa + Sandwich Miga + Pan + Gaseosas,menú_caliente,,45841,2024-05-10
310831,Empanada Carne Congelada Elaboración Propia X Unidad,menú_caliente,,1412,2024-05-10
345689,Empanada De Cordero Con Hongos De Pino,menú_caliente,,949,2024-05-10
40767,Empanada De Atun,menú_caliente,,1039,2024-05-10
310833,Empanada Jamón Y Queso Congelada Elaboración Propia X Unidad,menú_caliente,,1319,2024-05-10
48958,Suprema Al Limón Con Pimienta X 1 Kg,menú_caliente,,11849,2024-05-10
345695,Empanada Humita Elaboración Propia X Unidad,menú_caliente,,857,2024-05-10
1232,Suprema De Pollo Grillada Por Kg,menú_caliente,,10779,2024-05-10
350209,Empanada De Cerdo Y Barbacoa,menú_caliente,,919,2024-05-10
345828,Empanada Verdura Congelada Elaboración Propia X Unidad,menú_caliente,,1048,2024-05-10
49728,Combo 1 Carré De Cerdo + Gaseosas,menú_caliente,,36764,2024-05-10
368625,Tarta Individual Pollo,menú_caliente,,3509,2024-05-10
340385,Mini Tarta De Verdura,menú_caliente,,2999,2024-05-10
368621,Tarta Individual Verdura,menú_caliente,,2999,2024-05-10
383900,Empanada Verdura,menú_caliente,,999,2024-05-10
20918,Milanesa De Pollo Rotisería,menú_caliente,,1594,2024-05-10
34535,Pollo Rostisado Trozado Por Kg,menú_caliente,,6482,2024-05-10
46805,Combo 4 Pernil De Cerdo + Salsas + Pan + Gaseosas,menú_caliente,,102370,2024-05-10
54045,Combo 2 Carré De Cerdo + Vitel Toné + Rusa +  Waldorf + Arrollado De Pollo + Gaseosas,menú_caliente,,80814,2024-05-10
22670,Matambre De Carnes Casero Por Kg,menú_frío,,16089,2024-05-11
41770,Ensalada Del Chef,menú_frío,,2226,2024-05-11
21055,Ensalada Cesar,menú_frío,,2300,2024-05-11
34652,Tarta De Atún,menú_frío,,10999,2024-05-11
26563,Empanada Carne Elaboración Propia X Unidad,menú_caliente,,990,2024-05-11
345693,Empanada Jamón Y Mozzarella Elaboración Propia X Unidad,menú_caliente,,990,2024-05-11
15756,Pollo Rostisado,menú_caliente,,12704,2024-05-11
310832,Empanada Pollo Congelada Elaboración Propia X Unidad,menú_caliente,,749,2024-05-11
345825,Empanada De Pollo Dc.,menú_caliente,,990,2024-05-11
49242,Medallón De Pollo Rebozado Por Kg,menú_caliente,,5249,2024-05-11
17873,Empanada Pollo Elaboración Propia X Unidad,menú_caliente,,990,2024-05-11
49733,Combo 3 Pollo + Matambre + Rusa + Sandwich Miga + Pan + Gaseosas,menú_caliente,,45841,2024-05-11
310831,Empanada Carne Congelada Elaboración Propia X Unidad,menú_caliente,,1412,2024-05-11
345689,Empanada De Cordero Con Hongos De Pino,menú_caliente,,990,2024-05-11
40767,Empanada De Atun,menú_caliente,,990,2024-05-11
310833,Empanada Jamón Y Queso Congelada Elaboración Propia X Unidad,menú_caliente,,1319,2024-05-11
48958,Suprema Al Limón Con Pimienta X 1 Kg,menú_caliente,,11849,2024-05-11
345695,Empanada Humita Elaboración Propia X Unidad,menú_caliente,,857,2024-05-11
1232,Suprema De Pollo Grillada Por Kg,menú_caliente,,10779,2024-05-11
350209,Empanada De Cerdo Y Barbacoa,menú_caliente,,990,2024-05-11
345828,Empanada Verdura Congelada Elaboración Propia X Unidad,menú_caliente,,1048,2024-05-11
49728,Combo 1 Carré De Cerdo + Gaseosas,menú_caliente,,36764,2024-05-11
368625,Tarta Individual Pollo,menú_caliente,,3509,2024-05-11
340385,Mini Tarta De Verdura,menú_caliente,,2999,2024-05-11
368621,Tarta Individual Verdura,menú_caliente,,2999,2024-05-11
383900,Empanada Verdura,menú_caliente,,990,2024-05-11
20918,Milanesa De Pollo Rotisería,menú_caliente,,1594,2024-05-11
34535,Pollo Rostisado Trozado Por Kg,menú_caliente,,6482,2024-05-11
46805,Combo 4 Pernil De Cerdo + Salsas + Pan + Gaseosas,menú_caliente,,102370,2024-05-11
54045,Combo 2 Carré De Cerdo + Vitel Toné + Rusa +  Waldorf + Arrollado De Pollo + Gaseosas,menú_caliente,,80814,2024-05-11
22670,Matambre De Carnes Casero Por Kg,menú_frío,,16089,2024-05-12
41770,Ensalada Del Chef,menú_frío,,2226,2024-05-12
21055,Ensalada Cesar,menú_frío,,2300,2024-05-12
34652,Tarta De Atún,menú_frío,,10999,2024-05-12
26563,Empanada Carne Elaboración Propia X Unidad,menú_caliente,,990,2024-05-12
345693,Empanada Jamón Y Mozzarella Elaboración Propia X Unidad,menú_caliente,,990,2024-05-12
15756,Pollo Rostisado,menú_caliente,,12704,2024-05-12
310832,Empanada Pollo Congelada Elaboración Propia X Unidad,menú_caliente,,749,2024-05-12
345825,Empanada De Pollo Dc.,menú_caliente,,990,2024-05-12
49242,Medallón De Pollo Rebozado Por Kg,menú_caliente,,5249,2024-05-12
17873,Empanada Pollo Elaboración Propia X Unidad,menú_caliente,,990,2024-05-12
49733,Combo 3 Pollo + Matambre + Rusa + Sandwich Miga + Pan + Gaseosas,menú_caliente,,45841,2024-05-12
310831,Empanada Carne Congelada Elaboración Propia X Unidad,menú_caliente,,1412,2024-05-12
345689,Empanada De Cordero Con Hongos De Pino,menú_caliente,,990,2024-05-12
40767,Empanada De Atun,menú_caliente,,990,2024-05-12
310833,Empanada Jamón Y Queso Congelada Elaboración Propia X Unidad,menú_caliente,,1319,2024-05-12
48958,Suprema Al Limón Con Pimienta X 1 Kg,menú_caliente,,11849,2024-05-12
345695,Empanada Humita Elaboración Propia X Unidad,menú_caliente,,857,2024-05-12
1232,Suprema De Pollo Grillada Por Kg,menú_caliente,,10779,2024-05-12
350209,Empanada De Cerdo Y Barbacoa,menú_caliente,,990,2024-05-12
345828,Empanada Verdura Congelada Elaboración Propia X Unidad,menú_caliente,,1048,2024-05-12
49728,Combo 1 Carré De Cerdo + Gaseosas,menú_caliente,,36764,2024-05-12
368625,Tarta Individual Pollo,menú_caliente,,3509,2024-05-12
340385,Mini Tarta De Verdura,menú_caliente,,2999,2024-05-12
368621,Tarta Individual Verdura,menú_caliente,,2999,2024-05-12
383900,Empanada Verdura,menú_caliente,,990,2024-05-12
20918,Milanesa De Pollo Rotisería,menú_caliente,,1594,2024-05-12
34535,Pollo Rostisado Trozado Por Kg,menú_caliente,,6482,2024-05-12
46805,Combo 4 Pernil De Cerdo + Salsas + Pan + Gaseosas,menú_caliente,,102370,2024-05-12
54045,Combo 2 Carré De Cerdo + Vitel Toné + Rusa +  Waldorf + Arrollado De Pollo + Gaseosas,menú_caliente,,80814,2024-05-12
22670,Matambre De Carnes Casero Por Kg,menú_frío,,16089,2024-05-13
41770,Ensalada Del Chef,menú_frío,,2226,2024-05-13
21055,Ensalada Cesar,menú_frío,,2300,2024-05-13
34652,Tarta De Atún,menú_frío,,10999,2024-05-13
26563,Empanada Carne Elaboración Propia X Unidad,menú_caliente,,990,2024-05-13
345693,Empanada Jamón Y Mozzarella Elaboración Propia X Unidad,menú_caliente,,990,2024-05-13
15756,Pollo Rostisado,menú_caliente,,12704,2024-05-13
310832,Empanada Pollo Congelada Elaboración Propia X Unidad,menú_caliente,,749,2024-05-13
345825,Empanada De Pollo Dc.,menú_caliente,,990,2024-05-13
17873,Empanada Pollo Elaboración Propia X Unidad,menú_caliente,,990,2024-05-13
49733,Combo 3 Pollo + Matambre + Rusa + Sandwich Miga + Pan + Gaseosas,menú_caliente,,45841,2024-05-13
310831,Empanada Carne Congelada Elaboración Propia X Unidad,menú_caliente,,1412,2024-05-13
345689,Empanada De Cordero Con Hongos De Pino,menú_caliente,,990,2024-05-13
40767,Empanada De Atun,menú_caliente,,990,2024-05-13
310833,Empanada Jamón Y Queso Congelada Elaboración Propia X Unidad,menú_caliente,,1319,2024-05-13
48958,Suprema Al Limón Con Pimienta X 1 Kg,menú_caliente,,11849,2024-05-13
345695,Empanada Humita Elaboración Propia X Unidad,menú_caliente,,857,2024-05-13
1232,Suprema De Pollo Grillada Por Kg,menú_caliente,,10779,2024-05-13
350209,Empanada De Cerdo Y Barbacoa,menú_caliente,,990,2024-05-13
345828,Empanada Verdura Congelada Elaboración Propia X Unidad,menú_caliente,,1048,2024-05-13
49728,Combo 1 Carré De Cerdo + Gaseosas,menú_caliente,,36764,2024-05-13
368625,Tarta Individual Pollo,menú_caliente,,3509,2024-05-13
340385,Mini Tarta De Verdura,menú_caliente,,2999,2024-05-13
368621,Tarta Individual Verdura,menú_caliente,,2999,2024-05-13
383900,Empanada Verdura,menú_caliente,,990,2024-05-13
20918,Milanesa De Pollo Rotisería,menú_caliente,,1594,2024-05-13
34535,Pollo Rostisado Trozado Por Kg,menú_caliente,,6482,2024-05-13
46805,Combo 4 Pernil De Cerdo + Salsas + Pan + Gaseosas,menú_caliente,,102370,2024-05-13
54045,Combo 2 Carré De Cerdo + Vitel Toné + Rusa +  Waldorf + Arrollado De Pollo + Gaseosas,menú_caliente,,80814,2024-05-13
22670,Matambre De Carnes Casero Por Kg,menú_frío,,16089,2024-05-14
41770,Ensalada Del Chef,menú_frío,,2226,2024-05-14
21055,Ensalada Cesar,menú_frío,,2300,2024-05-14
34652,Tarta De Atún,menú_frío,,10999,2024-05-14
26563,Empanada Carne Elaboración Propia X Unidad,menú_caliente,,990,2024-05-14
345693,Empanada Jamón Y Mozzarella Elaboración Propia X Unidad,menú_caliente,,1048,2024-05-14
15756,Pollo Rostisado,menú_caliente,,12704,2024-05-14
310832,Empanada Pollo Congelada Elaboración Propia X Unidad,menú_caliente,,793,2024-05-14
345825,Empanada De Pollo Dc.,menú_caliente,,1048,2024-05-14
49242,Medallón De Pollo Rebozado Por Kg,menú_caliente,,5249,2024-05-14
17873,Empanada Pollo Elaboración Propia X Unidad,menú_caliente,,990,2024-05-14
49733,Combo 3 Pollo + Matambre + Rusa + Sandwich Miga + Pan + Gaseosas,menú_caliente,,45841,2024-05-14
310831,Empanada Carne Congelada Elaboración Propia X Unidad,menú_caliente,,1412,2024-05-14
345689,Empanada De Cordero Con Hongos De Pino,menú_caliente,,949,2024-05-14
40767,Empanada De Atun,menú_caliente,,1039,2024-05-14
310833,Empanada Jamón Y Queso Congelada Elaboración Propia X Unidad,menú_caliente,,1319,2024-05-14
48958,Suprema Al Limón Con Pimienta X 1 Kg,menú_caliente,,11849,2024-05-14
345695,Empanada Humita Elaboración Propia X Unidad,menú_caliente,,857,2024-05-14
1232,Suprema De Pollo Grillada Por Kg,menú_caliente,,10779,2024-05-14
350209,Empanada De Cerdo Y Barbacoa,menú_caliente,,919,2024-05-14
345828,Empanada Verdura Congelada Elaboración Propia X Unidad,menú_caliente,,1048,2024-05-14
49728,Combo 1 Carré De Cerdo + Gaseosas,menú_caliente,,36764,2024-05-14
368625,Tarta Individual Pollo,menú_caliente,,3509,2024-05-14
340385,Mini Tarta De Verdura,menú_caliente,,2999,2024-05-14
383900,Empanada Verdura,menú_caliente,,990,2024-05-14
20918,Milanesa De Pollo Rotisería,menú_caliente,,1594,2024-05-14
34535,Pollo Rostisado Trozado Por Kg,menú_caliente,,6482,2024-05-14
46805,Combo 4 Pernil De Cerdo + Salsas + Pan + Gaseosas,menú_caliente,,102370,2024-05-14
54045,Combo 2 Carré De Cerdo + Vitel Toné + Rusa +  Waldorf + Arrollado De Pollo + Gaseosas,menú_caliente,,80814,2024-05-14
22670,Matambre De Carnes Casero Por Kg,menú_frío,,16089,2024-05-15
41770,Ensalada Del Chef,menú_frío,,2226,2024-05-15
21055,Ensalada Cesar,menú_frío,,2300,2024-05-15
34652,Tarta De Atún,menú_frío,,11549,2024-05-15
26563,Empanada Carne Elaboración Propia X Unidad,menú_caliente,,990,2024-05-15
345693,Empanada Jamón Y Mozzarella Elaboración Propia X Unidad,menú_caliente,,990,2024-05-15
15756,Pollo Rostisado,menú_caliente,,12704,2024-05-15
345825,Empanada De Pollo Dc.,menú_caliente,,990,2024-05-15
310832,Empanada Pollo Congelada Elaboración Propia X Unidad,menú_caliente,,749,2024-05-15
17873,Empanada Pollo Elaboración Propia X Unidad,menú_caliente,,990,2024-05-15
49733,Combo 3 Pollo + Matambre + Rusa + Sandwich Miga + Pan + Gaseosas,menú_caliente,,45841,2024-05-15
345689,Empanada De Cordero Con Hongos De Pino,menú_caliente,,990,2024-05-15
40767,Empanada De Atun,menú_caliente,,990,2024-05-15
310831,Empanada Carne Congelada Elaboración Propia X Unidad,menú_caliente,,1412,2024-05-15
310833,Empanada Jamón Y Queso Congelada Elaboración Propia X Unidad,menú_caliente,,1319,2024-05-15
48958,Suprema Al Limón Con Pimienta X 1 Kg,menú_caliente,,13499,2024-05-15
345695,Empanada Humita Elaboración Propia X Unidad,menú_caliente,,857,2024-05-15
350209,Empanada De Cerdo Y Barbacoa,menú_caliente,,990,2024-05-15
345828,Empanada Verdura Congelada Elaboración Propia X Unidad,menú_caliente,,990,2024-05-15
49728,Combo 1 Carré De Cerdo + Gaseosas,menú_caliente,,36764,2024-05-15
340385,Mini Tarta De Verdura,menú_caliente,,4999,2024-05-15
368621,Tarta Individual Verdura,menú_caliente,,3149,2024-05-15
383900,Empanada Verdura,menú_caliente,,990,2024-05-15
20918,Milanesa De Pollo Rotisería,menú_caliente,,1594,2024-05-15
34535,Pollo Rostisado Trozado Por Kg,menú_caliente,,6482,2024-05-15
46805,Combo 4 Pernil De Cerdo + Salsas + Pan + Gaseosas,menú_caliente,,102370,2024-05-15
54045,Combo 2 Carré De Cerdo + Vitel Toné + Rusa +  Waldorf + Arrollado De Pollo + Gaseosas,menú_caliente,,80814,2024-05-15
26563,Empanada Carne Elaboración Propia X Unidad,menú_caliente,,990,2024-05-16
345693,Empanada Jamón Y Mozzarella Elaboración Propia X Unidad,menú_caliente,,990,2024-05-16
15756,Pollo Rostisado,menú_caliente,,12704,2024-05-16
345825,Empanada De Pollo Dc.,menú_caliente,,990,2024-05-16
310832,Empanada Pollo Congelada Elaboración Propia X Unidad,menú_caliente,,749,2024-05-16
17873,Empanada Pollo Elaboración Propia X Unidad,menú_caliente,,990,2024-05-16
345689,Empanada De Cordero Con Hongos De Pino,menú_caliente,,990,2024-05-16
40767,Empanada De Atun,menú_caliente,,990,2024-05-16
49733,Combo 3 Pollo + Matambre + Rusa + Sandwich Miga + Pan + Gaseosas,menú_caliente,,45841,2024-05-16
310831,Empanada Carne Congelada Elaboración Propia X Unidad,menú_caliente,,1412,2024-05-16
310833,Empanada Jamón Y Queso Congelada Elaboración Propia X Unidad,menú_caliente,,1319,2024-05-16
48958,Suprema Al Limón Con Pimienta X 1 Kg,menú_caliente,,13499,2024-05-16
345695,Empanada Humita Elaboración Propia X Unidad,menú_caliente,,857,2024-05-16
350209,Empanada De Cerdo Y Barbacoa,menú_caliente,,990,2024-05-16
345828,Empanada Verdura Congelada Elaboración Propia X Unidad,menú_caliente,,990,2024-05-16
49728,Combo 1 Carré De Cerdo + Gaseosas,menú_caliente,,36764,2024-05-16
340385,Mini Tarta De Verdura,menú_caliente,,4999,2024-05-16
368621,Tarta Individual Verdura,menú_caliente,,3149,2024-05-16
383900,Empanada Verdura,menú_caliente,,990,2024-05-16
20918,Milanesa De Pollo Rotisería,menú_caliente,,1594,2024-05-16
22670,Matambre De Carnes Casero Por Kg,menú_frío,,16089,2024-05-16
41770,Ensalada Del Chef,menú_frío,,2226,2024-05-16
21055,Ensalada Cesar,menú_frío,,2300,2024-05-16
34652,Tarta De Atún,menú_frío,,11549,2024-05-16
12277,Sand. De Atun (rotisería),menú_frío,,3869,2024-05-16
34535,Pollo Rostisado Trozado Por Kg,menú_caliente,,6482,2024-05-16
46805,Combo 4 Pernil De Cerdo + Salsas + Pan + Gaseosas,menú_caliente,,102370,2024-05-16
54045,Combo 2 Carré De Cerdo + Vitel Toné + Rusa +  Waldorf + Arrollado De Pollo + Gaseosas,menú_caliente,,80814,2024-05-16
22670,Matambre De Carnes Casero Por Kg,menú_frío,,16089,2024-05-17
41770,Ensalada Del Chef,menú_frío,,2226,2024-05-17
21055,Ensalada Cesar,menú_frío,,2300,2024-05-17
34652,Tarta De Atún,menú_frío,,11549,2024-05-17
12277,Sand. De Atun (rotisería),menú_frío,,3869,2024-05-17
26563,Empanada Carne Elaboración Propia X Unidad,menú_caliente,,990,2024-05-17
345693,Empanada Jamón Y Mozzarella Elaboración Propia X Unidad,menú_caliente,,990,2024-05-17
15756,Pollo Rostisado,menú_caliente,,12704,2024-05-17
345825,Empanada De Pollo Dc.,menú_caliente,,990,2024-05-17
310832,Empanada Pollo Congelada Elaboración Propia X Unidad,menú_caliente,,749,2024-05-17
17873,Empanada Pollo Elaboración Propia X Unidad,menú_caliente,,990,2024-05-17
345689,Empanada De Cordero Con Hongos De Pino,menú_caliente,,990,2024-05-17
40767,Empanada De Atun,menú_caliente,,990,2024-05-17
49733,Combo 3 Pollo + Matambre + Rusa + Sandwich Miga + Pan + Gaseosas,menú_caliente,,45841,2024-05-17
310831,Empanada Carne Congelada Elaboración Propia X Unidad,menú_caliente,,1412,2024-05-17
310833,Empanada Jamón Y Queso Congelada Elaboración Propia X Unidad,menú_caliente,,1319,2024-05-17
48958,Suprema Al Limón Con Pimienta X 1 Kg,menú_caliente,,13499,2024-05-17
345695,Empanada Humita Elaboración Propia X Unidad,menú_caliente,,857,2024-05-17
350209,Empanada De Cerdo Y Barbacoa,menú_caliente,,990,2024-05-17
345828,Empanada Verdura Congelada Elaboración Propia X Unidad,menú_caliente,,990,2024-05-17
49728,Combo 1 Carré De Cerdo + Gaseosas,menú_caliente,,36764,2024-05-17
340385,Mini Tarta De Verdura,menú_caliente,,4999,2024-05-17
368621,Tarta Individual Verdura,menú_caliente,,3149,2024-05-17
383900,Empanada Verdura,menú_caliente,,990,2024-05-17
20918,Milanesa De Pollo Rotisería,menú_caliente,,1594,2024-05-17
34535,Pollo Rostisado Trozado Por Kg,menú_caliente,,6482,2024-05-17
46805,Combo 4 Pernil De Cerdo + Salsas + Pan + Gaseosas,menú_caliente,,102370,2024-05-17
54045,Combo 2 Carré De Cerdo + Vitel Toné + Rusa +  Waldorf + Arrollado De Pollo + Gaseosas,menú_caliente,,80814,2024-05-17
22670,Matambre De Carnes Casero Por Kg,menú_frío,,16049,2024-05-18
41770,Ensalada Del Chef,menú_frío,,2395,2024-05-18
21055,Ensalada Cesar,menú_frío,,2485,2024-05-18
34652,Tarta De Atún,menú_frío,,11549,2024-05-18
12277,Sand. De Atun (rotisería),menú_frío,,3869,2024-05-18
180845,Sandwich De Lomito Y Tomate,menú_frío,,3869,2024-05-18
12289,Ciabatta De Pollo Y Rúcula,menú_frío,,3869,2024-05-18
26563,Empanada Carne Elaboración Propia X Unidad,menú_caliente,,990,2024-05-18
345693,Empanada Jamón Y Mozzarella Elaboración Propia X Unidad,menú_caliente,,990,2024-05-18
15756,Pollo Rostisado,menú_caliente,,12629,2024-05-18
345825,Empanada De Pollo Dc.,menú_caliente,,990,2024-05-18
310832,Empanada Pollo Congelada Elaboración Propia X Unidad,menú_caliente,,749,2024-05-18
17873,Empanada Pollo Elaboración Propia X Unidad,menú_caliente,,990,2024-05-18
345689,Empanada De Cordero Con Hongos De Pino,menú_caliente,,990,2024-05-18
40767,Empanada De Atun,menú_caliente,,990,2024-05-18
49733,Combo 3 Pollo + Matambre + Rusa + Sandwich Miga + Pan + Gaseosas,menú_caliente,,95000,2024-05-18
310833,Empanada Jamón Y Queso Congelada Elaboración Propia X Unidad,menú_caliente,,1319,2024-05-18
310831,Empanada Carne Congelada Elaboración Propia X Unidad,menú_caliente,,1412,2024-05-18
48958,Suprema Al Limón Con Pimienta X 1 Kg,menú_caliente,,13499,2024-05-18
345695,Empanada Humita Elaboración Propia X Unidad,menú_caliente,,857,2024-05-18
46805,Combo 4 Pernil De Cerdo + Salsas + Pan + Gaseosas,menú_caliente,,102370,2024-05-18
350209,Empanada De Cerdo Y Barbacoa,menú_caliente,,990,2024-05-18
345828,Empanada Verdura Congelada Elaboración Propia X Unidad,menú_caliente,,990,2024-05-18
49728,Combo 1 Carré De Cerdo + Gaseosas,menú_caliente,,36764,2024-05-18
340385,Mini Tarta De Verdura,menú_caliente,,4999,2024-05-18
368621,Tarta Individual Verdura,menú_caliente,,3149,2024-05-18
383900,Empanada Verdura,menú_caliente,,990,2024-05-18
20918,Milanesa De Pollo Rotisería,menú_caliente,,1594,2024-05-18
34535,Pollo Rostisado Trozado Por Kg,menú_caliente,,6443,2024-05-18
54045,Combo 2 Carré De Cerdo + Vitel Toné + Rusa +  Waldorf + Arrollado De Pollo + Gaseosas,menú_caliente,,105000,2024-05-18
22670,Matambre De Carnes Casero Por Kg,menú_frío,,16049,2024-05-19
41770,Ensalada Del Chef,menú_frío,,2395,2024-05-19
21055,Ensalada Cesar,menú_frío,,2485,2024-05-19
34652,Tarta De Atún,menú_frío,,11549,2024-05-19
12277,Sand. De Atun (rotisería),menú_frío,,3869,2024-05-19
26563,Empanada Carne Elaboración Propia X Unidad,menú_caliente,,990,2024-05-19
345693,Empanada Jamón Y Mozzarella Elaboración Propia X Unidad,menú_caliente,,990,2024-05-19
15756,Pollo Rostisado,menú_caliente,,12629,2024-05-19
310832,Empanada Pollo Congelada Elaboración Propia X Unidad,menú_caliente,,749,2024-05-19
345825,Empanada De Pollo Dc.,menú_caliente,,990,2024-05-19
17873,Empanada Pollo Elaboración Propia X Unidad,menú_caliente,,990,2024-05-19
345689,Empanada De Cordero Con Hongos De Pino,menú_caliente,,990,2024-05-19
40767,Empanada De Atun,menú_caliente,,990,2024-05-19
49733,Combo 3 Pollo + Matambre + Rusa + Sandwich Miga + Pan + Gaseosas,menú_caliente,,95000,2024-05-19
310833,Empanada Jamón Y Queso Congelada Elaboración Propia X Unidad,menú_caliente,,1319,2024-05-19
310831,Empanada Carne Congelada Elaboración Propia X Unidad,menú_caliente,,1412,2024-05-19
48958,Suprema Al Limón Con Pimienta X 1 Kg,menú_caliente,,13499,2024-05-19
345695,Empanada Humita Elaboración Propia X Unidad,menú_caliente,,857,2024-05-19
46805,Combo 4 Pernil De Cerdo + Salsas + Pan + Gaseosas,menú_caliente,,102370,2024-05-19
350209,Empanada De Cerdo Y Barbacoa,menú_caliente,,990,2024-05-19
345828,Empanada Verdura Congelada Elaboración Propia X Unidad,menú_caliente,,990,2024-05-19
49728,Combo 1 Carré De Cerdo + Gaseosas,menú_caliente,,36764,2024-05-19
340385,Mini Tarta De Verdura,menú_caliente,,4999,2024-05-19
368621,Tarta Individual Verdura,menú_caliente,,3149,2024-05-19
383900,Empanada Verdura,menú_caliente,,990,2024-05-19
20918,Milanesa De Pollo Rotisería,menú_caliente,,1594,2024-05-19
34535,Pollo Rostisado Trozado Por Kg,menú_caliente,,6443,2024-05-19
54045,Combo 2 Carré De Cerdo + Vitel Toné + Rusa +  Waldorf + Arrollado De Pollo + Gaseosas,menú_caliente,,105000,2024-05-19
